id,trigger,conditions,script,text,options,notes
"#RULESET_NAME JDP",,,,,,
,,,,,,
# Crisis Options,,,,,,
,,,,,,
# Luddic Church,,,,,,
jdp_lcMakeDealHostile,DialogOptionSelected,"$option == lcMakeDeal
RepIsAtBest luddic_church HOSTILE score:100
$global.jdp_has_interfector score:1000","SetTooltip jdp_churchInterfector ""Leverage your 'functional' Planetkiller Launch Vehicle""
SetTooltipHighlights jdp_churchInterfector ""Planetkiller Launch Vehicle""
SetOptionColor jdp_churchInterfector highlight","""Regretfully, I see no possibility for such an accord to be approved with a-"" $heOrShe catches $himOrHerself. ""With one who is engaged in direct hostilities against the Church of Galactic Redemption."" 

""The Knights have a holy mission! Hammer in one hand, sword in the other, I pray they see it done,"" $heOrShe says fiercely.

Meanwhile, the $post's hand appears to have wandered toward a secondary console and is frantically tapping what you assume is some kind of alert signal.","jdp_churchInterfector:""I have a Hammer of my own, you do not want to see it fall."" (Threat)",
jdp_lcMakeDealTakeoverUntrustworthy,DialogOptionSelected,"$option == lcMakeDeal
$player.untrustworthy > 2 score:200
$global.jdp_has_interfector score:1000","SetTooltip jdp_churchInterfector ""Leverage your 'functional' Planetkiller Launch Vehicle""
SetTooltipHighlights jdp_churchInterfector ""Planetkiller Launch Vehicle""","""Your reputation has spread like... like a plague, $playerSirOrMadam."" The $post looks disgusted as $heOrShe speaks, ""Were the Knights inclined to negotiate, they would know better than to deal with an oathbreaker like you. You hold nothing sacred, not even your own word.""

""Hammer in one hand, sword in the other, I pray the Knights see their work done,"" $heOrShe says fiercely.

Meanwhile, the $post's hand appears to have wandered toward a secondary console and is frantically tapping what you assume is some kind of alert signal.","jdp_churchInterfector:""I have a Hammer of my own, you do not want to see it fall."" (Threat)","# The player is not trustworthy (due to their other actions, not due to cancelling this deal) and the Church will not deal with them."
jdp_churchInterfector,DialogOptionSelected,"$option == jdp_churchInterfector","FireAll LCMakeDealOptions","""You refer to the Avatar of Moloch in orbit of one of your colonies,"" $heOrShe concludes quietly. ""It is an abomination to all that is holy and good. Its mere existence is a crime against humanity and God alike, and I had prayed you would not wish to discuss it.""

""I will pray for you, captain, so that you will someday find the path. I believe that you are capable of embodying virtue, that in the future you will choose right action over the self."" The $post holds still for a long, uncomfortable moment. ""Until then, The Knights are willing to negotiate to avoid the wrath of your constructed Demon.""

$HeOrShe reaches for a book - paper - and begins to cite population statistics. ""I'm sure an unbeliever so godlessly cynical as yourself know the numbers on your own colonies. We desire our flock to be returned to us.""",,
"#END Luddic Church",,,,,,
,,,,,,
# Sindria,,,,,,
jdp_SDMakeDealHostile,DialogOptionSelected,"$option == sdMakeDeal
RepIsAtBest sindrian_diktat HOSTILE score:100
$global.jdp_has_interfector score:1000","RemoveOption sdMakeDeal
SetTooltip jdp_sindrianterfectorSelect ""Leverage your 'functional' Planetkiller Launch Vehicle""
SetTooltipHighlights jdp_sindrianterfectorSelect ""Planetkiller Launch Vehicle""
SetOptionColor jdp_sindrianterfectorSelect highlight","""You're an open enemy of the Sindrian Diktat, and an itinerant spacer degenerate besides."" $HeOrShe leans back, looking disgusted. ""Plead as you might, there will be no merciful outcome for... elements... carrying out open, terroristic war against the Andradan movement.""

""I trust that system patrols have already reported your position to High Command and, as we speak, the mighty warfleets of the Supreme Executor are making their approach,"" $heOrShe says, examining a fingernail. ""I have time to wait. Do you?""","jdp_sindrianterfectorSelect:""You misunderstand. I have the makings of another Opis at my command."" (Threat)",
jdp_SDMakeDealUntrustworthy,DialogOptionSelected,"$option == sdMakeDeal
$player.untrustworthy > 2 score:200
$global.jdp_has_interfector score:1000","RemoveOption sdMakeDeal
SetTooltip jdp_sindrianterfectorSelect ""Leverage your 'functional' Planetkiller Launch Vehicle""
SetTooltipHighlights jdp_sindrianterfectorSelect ""Planetkiller Launch Vehicle""
SetOptionColor jdp_sindrianterfectorSelect highlight","""I see truly what you are: spacer trash. You'll lie to me, you'll like to anyone and say anything to save your own skin. You'll sell anyone for your ill-gained profiteering off Andradan greatness. I despise your kind, $playerName.""

""However."" $HeOrShe smiles cruelly. ""There is a place for you in the glorious future forged by the Sindrian Diktat."" 

""You will become a justly vanquished enemy; a bit of vermin, stomped out. You will be extinguished by the might of Supreme Executor Philip Andrada's perfect vision for our future.""

""Make the most of your remaining time, spacer. Inevitability approaches.""","jdp_sindrianterfectorSelect:""You misunderstand. I have the makings of another Opis under my command."" (Threat)",
jdp_SDAttemptNegotiation,DialogOptionSelected,"$option == sdDeal_negotiate
$global.jdp_has_interfector score:1000","RemoveOption sdDeal_negotiate
SetTooltip jdp_sindrianterfectorSelect ""Leverage your 'functional' Planetkiller Launch Vehicle""
SetTooltipHighlights jdp_sindrianterfectorSelect ""Planetkiller Launch Vehicle""
SetOptionColor jdp_sindrianterfectorSelect highlight","The stylus stops spinning, the $post's eyes turn to you. $HeOrShe looks almost confused.

""There is no negotiation with the will of the Supreme Executor.""

$HeOrShe puts the stylus down. ""The Lion has shown such restraint with upstarts like you. Of course, in my heart, I know his long-term vision will produce the best possible world for all of us - those who have a part in his vision, that is - but... there's nothing I desire more than to turn degenerate scum like you to into ash."" $HeOrShe stares at you for a long moment, unblinking.","jdp_sindrianterfectorSelect:""You misunderstand. I have the makings of another Opis at my command."" (Threat)",
jdp_sindrianterfectorSelect,DialogOptionSelected,"$option == jdp_sindrianterfectorSelect",,"The $post's voice goes ice-cold. ""Your words are treason."" And then the fear sets in. ""They cannot be true..."" The Diktat $Post looks quickly around for a moment, likely hoping to see someone higher up the chain who could take responsibility for this conversation.

Seemingly finding no-one, $heOrShe settles back to look at you with a look of shock, edging toward anger, and more than a streak of fear. They stammer slightly, but quickly recover and make an effective show of putting on a strong front for the Diktat. ""Don't be a fool, you'll be made to regret this, you won't get away with it. You cannot cross the will of the Supreme Executor, not without grave punishment."" 

They start working themselves up into a frenzy, rage clouding over fear, some spittle hits the holorecorder. ""You'll never be forgiven such an act.The iron will of the Lion of Sindria, his immortal supremacy, will never be cowed by meddlesome spacer trash like you!"" They clearly will not listen to reason.","cutCommLink:Cut the comm link",
"#END Sindria",,,,,,
,,,,,,
# Tri-Tachyon,,,,,,
,,,,,,
# Generic,,,,,,
jdp_ttMakeDealOptSelNoContact,DialogOptionSelected,"$option == ttMakeDeal
!$isContact score:100
$global.jdp_has_interfector score:1000","SetTooltip jdp_tritachInterfectorSelect ""Leverage your 'functional' Planetkiller Launch Vehicle""
SetTooltipHighlights jdp_tritachInterfectorSelect ""Planetkiller Launch Vehicle""
SetOptionColor jdp_tritachInterfectorSelect highlight","""I'm sorry,"" $Post $personLastName says, ""I'm afraid I can't help you with that request. I must also inform you that Company guidelines require that I report this conversation to my superior; I'm sure they will... take care of you.""

$HeOrShe produces an insincere smile.","0:jdp_tritachInterfectorSelect:""Contact your superior, maybe they will help me avoid the permanent closure of your Head Offices on Hybrasil."" (Threat)",
jdp_ttMakeDealOptSelNoUnimportant,DialogOptionSelected,"$option == ttMakeDeal
$isContact
!$importanceAtLeastHigh score:100
$global.jdp_has_interfector score:1000","SetTooltip jdp_tritachInterfectorSelect ""Leverage your 'functional' Planetkiller Launch Vehicle""
SetTooltipHighlights jdp_tritachInterfectorSelect ""Planetkiller Launch Vehicle""
SetOptionColor jdp_tritachInterfectorSelect highlight","""Ah,"" $HeOrShe begins. ""Your proposal is intriguing. The trouble is...  hmm."" $HeOrShe thinks for a moment.

""I'd like to help you, I really would. However it is my sincerely held belief that bringing this proposal to my superiors is substantially more likely to impede my career than promote it.""

""I'm sure you both understand and empathize with my predicament."" $HeOrShe shrugs as if apologizing.","jdp_tritachInterfectorSelect:""Would helping me avoid the permanent closure of your Head Offices on Hybrasil promote your career? "" (Threat)",
jdp_ttMakeDealOptSelNoHostile,DialogOptionSelected,"$option == ttMakeDeal
RepIsAtBest tritachyon HOSTILE score:100
$global.jdp_has_interfector score:1000","SetTooltip jdp_tritachInterfectorSelect ""Leverage your 'functional' Planetkiller Launch Vehicle""
SetTooltipHighlights jdp_tritachInterfectorSelect ""Planetkiller Launch Vehicle""
SetOptionColor jdp_tritachInterfectorSelect highlight","""I'm sorry,"" $Post $personLastName says, ""but you appear to be engaged in a state of overt hostility with the Tri-Tachyon Corporation.""

""Corporate guidelines expressly forbid official negotiation with polities, corporations, and entities which are actively engaged in destructive acts against Company property and human resources."" 

$HeOrShe produces an insincere smile.","jdp_tritachInterfectorSelect:""The permanent closure of your Head Offices on Hybrasil would indeed be very destructive. Can you help me avoid that?"" (Threat)",
jdp_tritachInterfectorSelect,DialogOptionSelected,"$option == jdp_tritachInterfectorSelect",,"The Tri-Tachyon $Post pales, likely recalling the Hanan Pacha atrocity. They attempt to hide their surprise at the brazen threat and nod along as you explain your predicament.

""I see you, I hear you, and I believe that together we can solve this misunderstanding,"" $heOrShe says, voice warmed by client-relations protocol training, its shockingly easy to forget they're being coerced by the threat of Terracide. $HeOrShe shifts to an apologetic look, ""Tri-Tachyon is a big believer in healthy internal competition, but it appears some executives become ... overenthusiastic."" $HeOrShe shakes her head, ""given the extent of your non-traditional miliary assets that decision was clearly misguided. I'll be sure to pass your intentions along to my superiors to ensure this unfortunate misadventure can come to a mutually beneficial conclusion.""

$HisOrHer contenance shifts seamlessly to negotiation-mode, ""So if you'll allow me to walk you through a modest proposal...""","ttMakeDeal2:Review the proposal",
"#END Generic",,,,,,
,,,,,,
# Arroyo,,,,,,
jdp_ttMakeDealOptSelNoContactArroyo,DialogOptionSelected,"$option == ttMakeDeal
!$isContact score:100
$id == arroyo
$global.jdp_has_interfector score:1000","SetTooltip jdp_tritachInterfectorSelectArroyo ""Leverage your 'functional' Planetkiller Launch Vehicle""
SetTooltipHighlights jdp_tritachInterfectorSelectArroyo ""Planetkiller Launch Vehicle""
SetOptionColor jdp_tritachInterfectorSelectArroyo highlight","""No,"" he says.

Arroyo doesn't quite smile, but seems somehow satisfied with himself.","jdp_tritachInterfectorSelectArroyo:""I regret to inform you of the imminent and permanent closure of the Head Offices on Hybrasil."" (Threat)",
jdp_ttMakeDealOptSelNoHostileArroyoContactKnowsPK,DialogOptionSelected,"$option == ttMakeDeal
RepIsAtBest tritachyon HOSTILE score:100
$isContact
$id == arroyo
$global.jdp_has_interfector score:1000
$madePKofferOnce score:1000
","SetTooltip jdp_tritachInterfectorSelectArroyo ""Leverage your 'functional' Planetkiller Launch Vehicle""
SetTooltipHighlights jdp_tritachInterfectorSelectArroyo ""Planetkiller Launch Vehicle""
SetOptionColor jdp_tritachInterfectorSelectArroyo highlight","""Really?"" Arroyo looks irritated. ""First things first: you don't call me 'Rayan'.""

""Second, how can you possibly believe it would be that simple? You're in the middle of a declared open war with Tri-Tachyon. They're aren't going to simply cut a deal with you through me."" 

He shakes his head. ""Just imagine. The PR would be terrible.""","jdp_tritachInterfectorSelectArroyo:""I'm sure you could convince them, Rayan. Remember that Planetkiller Device I came to you with?"" (Threat)",
jdp_ttMakeDealOptSelNoHostileArroyoKnowsPK,DialogOptionSelected,"$option == ttMakeDeal
RepIsAtBest tritachyon HOSTILE score:100
$id == arroyo
$global.jdp_has_interfector score:1000
$madePKofferOnce score:1000
","SetTooltip jdp_tritachInterfectorSelectArroyo ""Leverage your 'functional' Planetkiller Launch Vehicle""
SetTooltipHighlights jdp_tritachInterfectorSelectArroyo ""Planetkiller Launch Vehicle""
SetOptionColor jdp_tritachInterfectorSelectArroyo highlight","""Really?"" Arroyo looks irritated. ""First things first: you don't call me 'Rayan'.""

""Second, how can you possibly believe it would be that simple? You're in the middle of a declared open war with Tri-Tachyon. They're aren't going to simply cut a deal with you through me."" 

He shakes his head. ""Just imagine. The PR would be terrible.""","jdp_tritachInterfectorSelectArroyo:""I'm sure you could convince them, Rayan. Remember that Planetkiller Device I came to you with?"" (Threat)",
jdp_ttMakeDealOptSelNoHostileArroyoContact,DialogOptionSelected,"$option == ttMakeDeal
RepIsAtBest tritachyon HOSTILE score:100
$isContact
$id == arroyo
$global.jdp_has_interfector score:1000","SetTooltip jdp_tritachInterfectorSelectArroyo ""Leverage your 'functional' Planetkiller Launch Vehicle""
SetTooltipHighlights jdp_tritachInterfectorSelectArroyo ""Planetkiller Launch Vehicle""
SetOptionColor jdp_tritachInterfectorSelectArroyo highlight","""Really?"" Arroyo looks irritated. ""First things first: you don't call me 'Rayan'.""

""Second, how can you possibly believe it would be that simple? You're in the middle of a declared open war with Tri-Tachyon. They're aren't going to simply cut a deal with you through me."" 

He shakes his head. ""Just imagine. The PR would be terrible.""","jdp_tritachInterfectorSelectArroyo:""The permanent closure of the Head Offices on Hybrasil would surely cut into profits, Rayan."" (Threat)",
jdp_ttMakeDealOptSelNoHostileArroyo,DialogOptionSelected,"$option == ttMakeDeal
RepIsAtBest tritachyon HOSTILE score:100
$id == arroyo
$global.jdp_has_interfector score:1000","SetTooltip jdp_tritachInterfectorSelectArroyo ""Leverage your 'functional' Planetkiller Launch Vehicle""
SetTooltipHighlights jdp_tritachInterfectorSelectArroyo ""Planetkiller Launch Vehicle""
SetOptionColor jdp_tritachInterfectorSelectArroyo highlight","""Really?"" Arroyo looks irritated. ""First things first: you don't call me 'Rayan'.""

""Second, how can you possibly believe it would be that simple? You're in the middle of a declared open war with Tri-Tachyon. They're aren't going to simply cut a deal with you through me."" 

He shakes his head. ""Just imagine. The PR would be terrible.""","jdp_tritachInterfectorSelectArroyo:""The permanent closure of the Head Offices on Hybrasil would surely cut into profits, Rayan."" (Threat)",
jdp_tritachInterfectorSelectArroyo,DialogOptionSelected,"$option == jdp_tritachInterfectorSelectArroyo",,"""Hm,"" Arroyo leans back, thoughtful, if he is shocked, it doesn't register on his face, he is an excellent negotiator.

""You wouldn't do it, I know that, but do the board...""

He drums his fingers on his onyx desk, thinking. ""There may be a way to make this work,"" he says speculatively. ""Tri-Tachyon believes in internal competition, and if the reports I'm reading are any indication, the senior execs behind your 'friction' have somewhat overplayed their hand. If I can make your 'intentions' clear to the board, the extent of your non-traditional miliary assets will show that their decision was clearly misguided.""

A fierce smile begins to grow on Rayan's face, its clear this is as much an opportunity for him as it is for you. ""Let's talk details.""","ttMakeDealArroyo2:Continue",
"#END Arroyo",,,,,,
"#END Tri-Tachyon",,,,,,
,,,,,,
# Pirates,,,,,,
jdp_pirateInterfector,KPFindGifts,"!$jdp_giftInterfectorTried
$kpNumGifts < 5
$kpNumGifts++
$global.jdp_has_interfector","SetTooltip jdp_pirateInterfectorSelect ""Leverage your 'functional' Planetkiller Launch Vehicle""
SetTooltipHighlights jdp_pirateInterfectorSelect ""Planetkiller Launch Vehicle""
SetOptionColor jdp_pirateInterfectorSelect highlight",,"0:jdp_pirateInterfectorSelect:A Domain-era Planetkiller, delivered right here in a delightful phase-capable package. (Threat)",
jdp_pirateInterfectorSelect,DialogOptionSelected,"$option == jdp_pirateInterfectorSelect","$jdp_giftInterfectorTried = true
SetEnabled jdp_pirateInterfectorSelect false
AddStoryPoints 1","The court erupts in a cacophony of thunderous shouts and cries, mostly fueled by anger, but almost certainly tinged with fear. ""You dare!"" Cydonia seethes, he writhes slightly at your insolence, and forces his voice higher than those of the court.  ""You think our Queen fears you! You repugnant worm-""

A rhythmic thudding overpowers him, Kanta is laughing, its impressive how easily it drowns out all else. ""You would never!"" She booms, ""Such a thing is too useful to motivate the foolish, it would lose its power once used. Your presumption that such tactics would work here amuses us.""

The courtiers erupts once more. You notice the streak of fear is still present among them, it seems they lack the confidence of the great Warlord. Perhaps they fear for having feared, feeling such an emotion having made them foolish in the eyes of their Queen.",,
"#END Pirates",,,,,,
,,,,,,
# Persean League,,,,,,
,,,,,,
# Persean League Enforcers,,,,,,
jdp_threatenenforcerInterfector,PLEnforcerOptions,"$global.jdp_has_interfector","SetTooltip jdp_threatenenforcerInterfectorSelect ""Leverage your 'functional' Planetkiller Launch Vehicle""
SetTooltipHighlights jdp_threatenenforcerInterfectorSelect ""Planetkiller Launch Vehicle""
SetOptionColor jdp_threatenenforcerInterfectorSelect highlight",,"0:jdp_threatenenforcerInterfectorSelect:""Where are you from, $Post? I can ensure you never go home.""",
jdp_threatenenforcerInterfectorSelect,DialogOptionSelected,"$option == jdp_threatenenforcerInterfectorSelect","MakeOtherFleetPreventDisengage hassle false","""Is that a threat? You can't possibly be serious..."" $HisOrHer tone grows contemptuous, ""Attempting to avoid a legitimate commerce regulation inspection per interfactional law is already highly suspicious, but threatening an officer of the League. We'll find out what you're hiding-"" The League $Post looks aside, likely at an aide or officer. ""How did this space-scum get a functional Planetkiller Launch Vehicle?"" They ask, hushed but incredulous.

$HeOrShe looks forward and continues speaking to you in a very different tone. ""You seem like an upstanding independent operator."" $HeOrShe nods, the very image of reasonable authority. ""I'm going to let you go with a warning. There are some bad folks out here, captain. Someone has to keep them in line.""

$HeOrShe produces a strained smile. ""You're free to go.""","cutCommLinkNoText:Cut the comm link",
plEnforcerCutComms,PLEnforcerOptions,,,,"cutCommLinkNoText:Cut the comm link and power up weapons",
"#END Persean League Enforcers",,,,,,
,,,,,,
# Hannan,,,,,,
jdp_perseanleagueInterfector,PLDealArguments,"$global.jdp_has_interfector","SetTooltip jdp_perseanleagueInterfectorSelect ""Leverage your 'functional' Planetkiller Launch Vehicle""
SetTooltipHighlights jdp_perseanleagueInterfectorSelect ""Planetkiller Launch Vehicle""
SetOptionColor jdp_perseanleagueInterfectorSelect highlight",,"0:jdp_perseanleagueInterfectorSelect:""Kazeron is so beautiful. How many people live here again?"" (Threat)",
jdp_perseanleagueInterfectorSelect,DialogOptionSelected,"$option == jdp_perseanleagueInterfectorSelect","RemoveOption jdp_perseanleagueInterfectorSelect
$weary = true 0
$dealArgumentsMade++
FireBest PLCheckArgumentsEnough","""I'm sure your strategic advisors have already done the maths on that, $playerName, you don't need me to remind you,"" he looks at you wearily and grimaces. ""Both I and the council are fully aware of the capabilities of your new weapons program."" 

Clearly they are not, if they were... Well they would not be taking this threat so seriously. ""This is a dangerous game you're playing, I remember Mairaath as well as everyone else."" He stops to consider, maybe you finally have the upperhand here.

""If you ensure all Persean League assets are exempt from its target list, I would personally ensure that the League Council fully appreciates the strength it would provide.""",,
PLDealArgumentsNeverMind,PLDealArguments,,,,"rh_goBack:""Never mind.""",
"#END Hannan",,,,,,
"#END Persean League",,,,,,
,,,,,,
# Hegemony,,,,,,
,,,,,,
# Hegemony Inspectors,,,,,,
jdp_threateninvestigatorInterfector,HegInvestigatorOptions,"$global.jdp_has_interfector","SetTooltip jdp_threateninvestigatorInterfectorSelect ""Leverage your 'functional' Planetkiller Launch Vehicle""
SetTooltipHighlights jdp_threateninvestigatorInterfectorSelect ""Planetkiller Launch Vehicle""
SetOptionColor jdp_threateninvestigatorInterfectorSelect highlight",,"0:jdp_threateninvestigatorInterfectorSelect:""Where are you from, $Post? I can ensure you never go home.""",
jdp_threateninvestigatorInterfectorSelect,DialogOptionSelected,"$option == jdp_threateninvestigatorInterfectorSelect","MakeOtherFleetPreventDisengage hassle false","""Is that a threat? You can't possibly be serious..."" $HisOrHer tone grows contemptuous, ""Citizen, threatening an officer of the Hegemony attempting to conduct a legitimate technological regulation investigation is a crime-"" The Hegemony $Post looks aside, likely at an aide or officer, and pales. ""How did this space-scum get a functional Planetkiller Launch Vehicle?"" They ask, hushed but incredulous.

$HeOrShe looks forward and continues speaking to you in a very different tone. ""I'm going to let you go with a warning, Captain. There are some bad folks out here, meddling in dangerous tech, but you appear to be an upstanding citizen."" The irony of the statement is palpable. 

$HeOrShe produces a strained smile. ""You're free to go.""","cutCommLinkNoText:Cut the comm link",
hegInvestigatorCutComms,HegInvestigatorOptions,,,,"cutCommLinkNoText:Cut the comm link and power up weapons",
"#END Hegemony Inspectors",,,,,,
,,,,,,
# Daud,,,,,,
jdp_hegemonyInterfector,HEGtalkInspectDaudVictoryOpts,"$saidD
!$saidInterfector
$global.jdp_has_interfector","SetTooltip jdp_hegemonyInterfectorSelect ""Leverage your 'functional' Planetkiller Launch Vehicle""
SetTooltipHighlights jdp_hegemonyInterfectorSelect ""Planetkiller Launch Vehicle""
SetOptionColor jdp_hegemonyInterfectorSelect highlight",,"0:jdp_hegemonyInterfectorSelect:""90% of the Hegemony population live on one planet, Daud. All I have to do is give the word."" (Threat)",
jdp_hegemonyInterfectorSelect,DialogOptionSelected,"$option == jdp_hegemonyInterfectorSelect","$saidInterfector = true 0
FireAll HEGtalkInspectDaudVictoryOpts
AddStoryPoints 1","""You wouldn't."" Daud says, very clearly tired of this conversation, and in general. ""You simply wouldn't Captain $playerName. It would be an atrocity too big to ignore. You would galvanise the sector against you, and you know it."" 

""Frankly why anyone takes your weapons programme seriously is an enigma to me.""",,
hegTalkInspectDaudVictoryOptE,HEGtalkInspectDaudVictoryOpts,,,,"heg_talkInspectDaudVictoryE:""I'll take this, if this is it.""",
hegTalkInspectDaudVictoryOptF,HEGtalkInspectDaudVictoryOpts,,,,"heg_talkInspectDaudVictoryF:""I'm not agreeing to any of this.""",
"#END Daud",,,,,,
"#END Hegemony",,,,,,
"#END Crisis Options",,,,,,
,,,,,,
# Grin System,,,,,,
,,,,,,
# Laplace's Demons,,,,,,
jdp_demonEncounterDesc,BeginFleetEncounter,"$jdp_demon score:1000",,"Across from your fleet a trio of strange vessels wait, unnaturally motionless. Although they present some features common to all vessels, the designs are in aggregate unlike anything recorded.

Your sensors officer reports that they seem entirely unaffected by the irradiative forces of the nearby red pulsar, radiation seems to slide off of their hull like water. Periodically they disappear and then reappear in place, strangely, readings suggest the vessels are not diving into phase space and they visually have no external phase coils or other markings of phase capable craft. 

Your bridge crew murmurs speculation between their stations about how exactly this is possible, but it is all frivolous without any hard data on the capabilities of the enemy.",,
jdp_demonAfterDefeatingKnowsOmega,jdp_AfterDemonDefeat,"$global.jdp_conquered_hypershunt score:1000","$global.jdp_laplacianDefeated = true","A final terrific explosion blanks the external visual pickups. A few seconds later, backups are extruded through the hull.

Your sensors officer reports in a hushed voice that no escape pods were detected leaving any of the ships at any point.","jdp_demonAfterDefeatingContinue:""Those were suspiciously similar to the ships defending the Hypershunt...""",
jdp_demonAfterDefeatingNoOmega,jdp_AfterDemonDefeat,"!$global.jdp_conquered_hypershunt score:1000","$global.jdp_laplacianDefeated = true","A final terrific explosion blanks the external visual pickups. A few seconds later, backups are extruded through the hull.

Your sensors officer reports in a hushed voice that no escape pods were detected leaving any of the ships at any point.","jdp_demonAfterDefeatingContinue:Continue",
jdp_demonAfterDefeatingContinue,DialogOptionSelected,"$option == jdp_demonAfterDefeatingContinue","FireBest OpenInteractionDialog",,,
jdp_demonWreckDetails,ShowSalvageEntityDetails,"$customType == wreck
$jdp_laplaciantag score:1000","ShowDefaultVisual","Two of the strange vessels were shattered beyond recognition in the fighting, but the third, dormant, now drifts somewhat intact through space.",,
jdp_demonExplore,CheckSalvageSpecial,"$salvageSpecialData != null
$customType == wreck
$jdp_laplaciantag score:1000","FireBest jdp_LaplacianExploreDescription","Your salvage team docks a shuttle at the only entry point along the ships hull, just beneath what appears from external readings to be the bridge. Given no escape pods were launched, a contingent of marines have been assigned to escort the salvor crew incase of hostile action.",,
jdp_demonExploreDescriptionKnowsOmega,jdp_LaplacianExploreDescription,"$global.jdp_conquered_hypershunt score:1000",,"After a few tense minutes, reports start to come in. Ominously, the crew of the vessel is nowhere to be found, neither are any signs that anyone ever inhabited the ship. The crew quarters have no amenities or personal affects, and the central datacore has been reduced to slag by an automated sabotage system. 

The majority of the hull's volume is seemingly inaccessible to the intended human crew, but portable scanners reveal it is wormed with the thin conduits and ducts emblematic of an automated maintenance system. While the vessel is heavily damaged and immensely exotic in design, it is theoretically recoverable if we can restore the maintenance drones.

A comms link from your chief engineer appears on your datapad. Likely ready to discuss that very prospect.
","jdp_demonExploreContinueKnowsOmega:Accept the comm link",
jdp_demonExploreContinueKnowsOmega,DialogOptionSelected,"$option == jdp_demonExploreContinueKnowsOmega",,"""$PlayerSirOrMadam, it seems your intuition was correct. While our data on the fractal vessels we encountered defending the Coronal Hypershunt is limited, this ship is clearly of the same design language, at least superficially. Of course the hull is made of an entirely different material, and this new substance seemingly does not possess the ability to reform like the previous ships."" They stop, thinking. 

""Captain, if I may speak plainly. This ship is strange, stranger than anything we've seen so far."" They clear their throat and look at you, deadly serious, ""it makes an odd number of concessions to human habitation for a ship designed presumably by and for an AI, too many for it to make sense. There is an AI housing onboard, but its hollowed out, a perfect sphere appears to have been removed from the centre to extract the core. Something happened to this ship, I don't think whatever was flying it against us is the same entity that built it."" ","jdp_demonExploreDescriptionContinue2:Continue",
jdp_demonExploreDescriptionNoOmega,jdp_LaplacianExploreDescription,"!$global.jdp_conquered_hypershunt score:1000",,"After a few tense minutes, reports start to come in. Ominously, the crew of the vessel is nowhere to be found, neither are any signs that anyone ever inhabited the ship. The crew quarters have no amenities or personal affects, and the central datacore has been reduced to slag by an automated sabotage system. 

The majority of the hull's volume is seemingly inaccessible to the intended human crew, but portable scanners reveal it is wormed with the thin conduits and ducts emblematic of an automated maintenance system. While the vessel is heavily damaged and immensely exotic in design, it is theoretically recoverable if we can restore the maintenance drones.

A comms link from your chief engineer appears on your datapad. Likely ready to discuss that very prospect.
","jdp_demonExploreDescriptionContinueNoOmega:Accept the comm link",
jdp_demonExploreDescriptionContinueNoOmega,DialogOptionSelected,"$option == jdp_demonExploreDescriptionContinueNoOmega",,"""$PlayerSirOrMadam, this ship is unlike anything we've ever seen."" They deliver the news strangely, knowing your chief engineer you would expect them to be more excited. ""The hull is made of an entirely novel material, what exactly it is I'm not yet sure, but initial readings indicate it has fascinating properties."" They stop, thinking. 

""But there's something else, Captain. If I may speak plainly. This ship is strange."" They clear their throat and look at you, deadly serious, ""There is an AI housing onboard, but its hollowed out, a perfect sphere appears to have been removed from the centre to extract the core. If this ship was designed for an AI, it makes an odd number of concessions to human habitation, too many for it to make sense. Something happened to this ship, I don't think whatever was flying it against us is the same entity that built it."" ","jdp_demonExploreDescriptionContinue2:Continue",
jdp_demonExploreDescriptionContinue2,DialogOptionSelected,"$option == jdp_demonExploreDescriptionContinue2","SalvageSpecialInteraction","The chief engineer clears their throat again, then continues ""Anyway. I think I can get the maintenance systems working, I don't know who built this ship, or why, but it should be fit to fly. If you want my professional opinion, we should investigate the planet in system too,"" they look to the side, likely checking a map of the system, ""Maddie."" 

""Regardless, should we proceed with recovery?""",,
jdp_demonCommsOpen,OpenCommLink,"$entity.jdp_demon score:1000","EndConversation","The connection request hangs for some time before an immense wave of holo-noise floods through the main display, generating thousands of error codes. 

Your comms officer works their console in consternation, it comes to mind that the opposing fleet have seemingly overloaded your comms system with thousands of requests at once. From visual inspection, none of the vessels have the hardware necessary to accomplish such a feat within a reasonable timeframe.",,
"#END Laplace's Demons",,,,,,
,,,,,,
# Maddie,,,,,,
jdp_maddieInteractionObstructed,OpenInteractionDialog,"$id == jdp_maddie
$jdp_maddietag score:1000
!$jdp_maddieExplored
!$global.jdp_laplacianDefeated score:1000","ShowDefaultVisual
SetShortcut defaultLeave ESCAPE","The presence of the hostile fleet nearby in system makes launching a survey expedition inadvisable. If we were to be engaged in combat while supporting ongoing surface operations our tactical options would be greatly diminished.","100:defaultLeave:Leave",
jdp_maddieInteraction,OpenInteractionDialog,"$id == jdp_maddie
$jdp_maddietag score:1000
!$jdp_maddieExplored
$global.jdp_laplacianDefeated score:1000","ShowDefaultVisual
SetShortcut defaultLeave ESCAPE
","An initial scan of the surface immediately reveals something immensely strange. Your sensors officer reports that the lidar used for basic geographic mapping returned from the surface much quicker than should be possible, this suggests that something relativistically strange is occurring on the surface.

A drone equipped with an atomic clock, a standard tool in the surveying toolkit, is deployed to the surface and programmed to return a signal in exactly one hour. Minutes later, a signal is received by your comms officer. There is only one conclusion, time progresses much faster on the surface of Maddie than here in orbit,

Naturally, most of your crew are unnerved by the prospect of a surface expedition to such a world. Many spacer horror stories feature relativity as an antagonist, an invisible but inexorable force that pushes people apart by stretching the time between them.","jdp_maddieExplore1:Send a survey team down to the surface
100:defaultLeave:Leave",
jdp_maddieAlreadyExplored,OpenInteractionDialog,"$id == jdp_maddie
$jdp_maddietag score:1000
$jdp_maddieExplored
$global.jdp_laplacianDefeated score:1000","ShowDefaultVisual
SetShortcut defaultLeave ESCAPE","Your $shipOrFleet maintains a safe distance from Maddie. Given the strange relativity effects of this world your operations chief has advised staying off of the surface, especially now we have obtained a modest sample of the frictionless material. 

None of the crew seem particularly eager to return to the planet regardless, given the way it aged the previous team over a cycle within hours.","100:defaultLeave:Leave",
jdp_maddieExplore1,DialogOptionSelected,"$option == jdp_maddieExplore1","$jdp_maddieExplored = true
jdp_InitialiseFrictionless","After extensive preparation (and reiteration of the hazard pay policy) a volunteer survey team is selected to be sent down on a heavily-shielded shuttle. The temporal disturbance makes centralised command of operations from here in orbit difficult, minute delays in orders could cost hours if not days on the surface. 

Your operations chief, used to similarly isolated conditions from their stint in fringe mining, elects to lead the operation from the ground rather than the bridge. They are instructed to relay exact positional and temporal coordinates every minute using a dedicated delta-level AI core.

You review the ground-level feed from within the shuttle-bay before they depart, and catch your ops chief making the spacer hand-sign for 'all seals confirmed safe', a sort of ward against evil. They always were superstitious, but they never let it get in the way of their duties. Hopefully that will remain true.","jdp_maddieExplore1b:Continue",
jdp_maddieExplore1b,DialogOptionSelected,"$option == jdp_maddieExplore1b",,"Your comms officer broadcasts the received signals to the bridge display. 

As the shuttle drops into the incredibly thin atmosphere of Maddie, the at first on the minute signals start to come faster, and faster, until eventually many new signals are received within a second. A holo-map marks the location of the survey team as they move across the surface of the planet. The blip traces along a contour in the environment at impossible speeds, not unlike the ships found defending the system.","jdp_maddieExplore2:Continue",
jdp_maddieExplore2,DialogOptionSelected,"$option == jdp_maddieExplore2","jdp_MaddieAddLoot jdp_MaddieAddLoot","After a few minutes, the blip begins to move back towards the shuttle landing-site. Once it reaches it, the team seemingly lingers for a while, the time dilation makes it difficult to intuit, but the temporal data encoded in the signal reveals that from their perspective they wait for around half a cycle. 

You suddenly realise something might be very wrong and consider sending a second shuttle. 

Moments before you can give the order to muster a rescue party, the team begins their ascent, from their perspective that small moment of indecision lasted days. 

The duration between signals begins to stretch back to minute by minute, the shuttle is now outside the effect of the temporal field and will return shortly. ","jdp_maddieExplore2b:""XO, you have the conn.""",
jdp_maddieExplore2b,DialogOptionSelected,"$option == jdp_maddieExplore2b","ShowImageVisual jdp_grinhangar","You greet your operations chief in the shuttle-bay, the glow of Maddie through the vacshield an unsettling shade of red. Even though intellectually it was to be expected, it is still unnerving to see them aged over a cycle, for the rest of the universe it was only a few hours.

Almost immediately they launch into a report, blunt as a weapon, ""$PlayerSirOrMadam! I recommend we pull the $shipOrFleet out of system as soon as possible."" You give them a look, and allow the silence to linger slightly, letting them know that more detail is required.

""Captain."" Ops looks at you directly. ""It's the radiation from this damn star, it catalyses some kind of reaction, anything that stays here too long calcifies into whatever material those ships were made of.""","jdp_maddieExplore3:""Are we in danger?""",
jdp_maddieExplore3,DialogOptionSelected,"$option == jdp_maddieExplore3","SetShortcut defaultLeave ESCAPE
SetTextHighlights ""Recovered - Frictionless Material""","They look slightly sheepish, ""No, Captain, not immediately... But there is no reason to linger,"" they add quickly. 

""We underwent a little fringe mining operation"", they look momentarily proud of themselves, but cover it in their usual gruff demeanour, ""we have a full shuttle hold, should be enough of whatever this stuff is to properly study its effects with the equipment here on the ship. Maybe Tech can find out more than we could down on the surface.""

Recovered - Frictionless Material","jdp_maddieExplore3b:""Have some transferred... I'm sorry you lost some cycles.""",
jdp_maddieExplore3b,DialogOptionSelected,"$option == jdp_maddieExplore3b",,"They shrug, ""people lose time Captain, every use of a cryopod you might never wake up. Losing time is just part of being a spacer as old as I am."" 

You spy your quartermaster pleading with the logistics crew to move the auto-pallets of material to more long term storage. A crystalline solid quarried into crude chunks, its surface is iridescent like the shell of an arthropod-analog. 

The rarely used and ominously crimson ""chronohazard"" labels stuck to the blocks are likely inspiring some hesitation.","jdp_maddieExplore4:""Regardless, submit the surface team to full medical evaluation.""",
jdp_maddieExplore4,DialogOptionSelected,"$option == jdp_maddieExplore4",,"""$PlayerSirOrMadam, yes $playerSirOrMadam,"" they say, saluting. They pull a little chord on their suit and flip out a miniature control panel, you recognise it as a salvors communicator, built like a brick it is hardy and practically immune to blunt force trauma. 

After fiddling with it for a few moments chimes ring out from the suits of nearby members of the surface op. The deck crew who overhear the order seem to consider their caution vindicated, backing away from the pallets yet further to the dismay of your quartermaster.

More in-depth analysis looks like it will be slow and cautious.","jdp_maddieExplore4b:Return to the bridge",
jdp_maddieExplore4b,DialogOptionSelected,"$option == jdp_maddieExplore4b",,"Skimming the surface report as you make your way back to the bridge it is shockingly uneventful, the planet Maddie is seemingly, for all intents and purposes, an uninteresting barren world. No atmospheric ozone layer, no significant geological activity, no indigenous life forms.

The subject of interest is of course the novel material of which the planet is primarily composed, but current insights are limited. 

""Captain on deck!"" Your XO announces on your return. After a moment they turn to address you personally, ""welcome back, $playerSirOrMadam, you have the conn.""","100:defaultLeave:Leave
",
"#END Maddie",,,,,,
,,,,,,
# Frictionless,,,,,,
jdp_FrictionlessHullmodItemRC,ShroudedHullmodItemRC,"$player.shroudedHullmodId == jdp_emulatedfrictionlesshull","ShowImageVisual jdp_grinhangar

$option =jdp_FrictionlessHullmodItemRC1a 0
FireBest DialogOptionSelected",,,
jdp_FrictionlessHullmodItemRC1a,DialogOptionSelected,"$option == jdp_FrictionlessHullmodItemRC1a","$option = jdp_FrictionlessHullmodItemRC2 0
FireBest DialogOptionSelected","You find your technology officer and chief engineer in the shuttle bay, deep in discussion over the material now dubbed NMC-$jdp_nmcInventionCycle. It seems the hauling crew pulled their union rights, the chronohazard has been left unmoved and instead a miniature proving ground has popped up around it.",,
jdp_FrictionlessHullmodItemRC1b,DialogOptionSelected,"$option == jdp_FrictionlessHullmodItemRC1a
$player.didAShroudedHullmodUnlock","$option = jdp_FrictionlessHullmodItemRC2 0
FireBest DialogOptionSelected","You find your technology officer and chief engineer in the shuttle bay, deep in discussion over the material now dubbed NMC-$jdp_nmcInventionCycle. It seems the hauling crew pulled their union rights, the chronohazard has been left unmoved and instead a miniature proving ground has popped up around it.

The red glow of Maddie through the vacshield makes it oddly reminiscent of your interactions with the Shroud, perhaps this new material will be just as game-changing.",,
jdp_FrictionlessHullmodItemRC2,DialogOptionSelected,"$option ==jdp_FrictionlessHullmodItemRC2",,"Engineering looks exasperated. ""The official term cannot be slippery!"" They make air quotes, but with the subtle lack of movement in the shoulders and wide stance that would make the expression visible if he was on a spacewalk. ""I refuse. This is a novel physics phenomena, its not an enzyme soap!""

Tech manipulates a diagram of a phase coil array with abrupt flicks at the interface. ""We can iron that out later, its just language."" Another flick of the wrist, this time directed at Chief dismissively","jdp_FrictionlessHullmodItemRC3:Continue",
jdp_FrictionlessHullmodItemRC3,DialogOptionSelected,"$option == jdp_FrictionlessHullmodItemRC3","$option = jdp_FrictionlessHullmodItemRC4a 0
FireBest DialogOptionSelected","""Regardless. My intuition was correct, p-space is a no-go. The dimensional transition shatters the crystal, it must be a hyper-dimensional polytope. That combined with the lacklustre blunt-force resistance-""

""Is limiting."" Engineering interjects.

""Not as much as we first expected."" Tech says hopefully. ""Its all but immune to most weathering phenomena, and the effect transmits across a supprising distance.""

Engineering snorts.",,
jdp_FrictionlessHullmodItemRC4a,DialogOptionSelected,"$option == jdp_FrictionlessHullmodItemRC4a",,"""We can anchor it to the hull geometry! It takes to being welded and hullfoam just fine."" Tech says defensively. ""It will work.""","jdp_FrictionlessHullmodItemRC5:""What will work?""",
jdp_FrictionlessHullmodItemRC4b,DialogOptionSelected,"$option == jdp_FrictionlessHullmodItemRC4a
$player.didAShroudedHullmodUnlock",,"""We can anchor it to the hull geometry! It takes to being welded and hullfoam just fine."" Tech says defensively. ""It will work, we weaponised the Shroud in a salvage bay, we can do this.""","jdp_FrictionlessHullmodItemRC5:""What will work?""",
jdp_FrictionlessHullmodItemRC5,DialogOptionSelected,"$option == jdp_FrictionlessHullmodItemRC5",,"Both jump to attention, having been so involved in their argument that neither noticed you approach.

""$PlayerSirOrMadam"" they say, saluting.

Engineering rushes to speak first. ""Tech wants to coat ships in this, this NMC-$jdp_nmcInventionCycle.""

""The temporal affect transfers! It has phenomenal military applications!"" Technology interjects, seemingly spinning out in excitement and listing esoteric material science readings."," jdp_FrictionlessHullmodItemRC6:""A more practical perspective, please.""",
jdp_FrictionlessHullmodItemRC6,DialogOptionSelected,"$option == jdp_FrictionlessHullmodItemRC6","SetTextHighlights ""three vessels""
DwellerCMD unlockHullmod","""Yes, $PlayerSirOrMadam."" comes from Technology, slightly meek.

Engineering continues in their stead, pulling up a series of design specifications. ""Under conservative estimates we have enough material to make modifications to three vessels under our command.""

""And whose fault is that!"" Technology jeers, taunting your Operations Chief who is decidedly not present. ""Ops is too scared of the spooky cursed planet."" 

They pause, backtracking mentally but not verbally. ""Regardless. It seems plausible that the temporal dilation effect from the surface could be weaponised, $PlayerSirOrMadam.""","defaultLeave:""I want an actionable proposal by end-of-shift. As you were.""",
"#END Frictionless",,,,,,
"#END Grin System",,,,,,
,,,,,,
# Dory System,,,,,,
,,,,,,
# Penrose,,,,,,
,,,,,,
# Initialisation,,,,,,
jdp_hypershuntConqueredDialogue,jdp_hypershuntConquered,,"ShowImageVisual ""free_orbit""","A chime rings in your periphery, signifying an incoming external commlink. You bring up a feed of your flagships sensor scopes to see nothing, there are no ships or fleets within range of standard tightbeam communications. Your confusion is mirrored by your bridge staff. 

You look to your sensors officer expectantly, who attempts to mask their bewilderment behind cool and collected professionalism. ""No nearby vessels $PlayerSirOrMadam,"" they report. ""Incoming commlink source unknown.""

""Phase space!"" Tech exclaims. ""Run a sweep for phase readings!"" after a moment they realise that they don't get to give orders and calm down. ""Apologies, Captain. My professional opinion is we run a sweep for P-Space distortion.""

","jdp_hypershuntConqueredDialogueCont:""Make it so.""",
jdp_hypershuntConqueredDialogueCont,DialogOptionSelected,"$option == jdp_hypershuntConqueredDialogueCont",,"Your sensors officer starts before you give the order. ""Affirmative, running sweep for P-Space distortion."" 

A feed of the phase penetrating sensor scopes is displayed on your bridge console, a euclidean display framework representing a distinctly non-euclidean process. ""The footprint of phase ships are small, but once you start looking as hard as we are, we should see something, $PlayerSirOrMadam-""

""Captain! I have something!"" comes from your comms officer. ""I triangulated the source of the signal."" they plot it on the spatial readings. ""It's not phase space $PlayerSirOrMadam, whatever this is, its new.""

Displayed on the framework is an almost microscopic pinhole in the fabric of spacetime. Whatever is on the other side, it wants to talk.","jdp_hypershuntConqueredDialogueCont2:Open the commlink",
jdp_hypershuntConqueredDialogueCont2,DialogOptionSelected,"$option == jdp_hypershuntConqueredDialogueCont2","SetTextHighlights ""Hello extremely!""
ShowPersonVisual false jdp_deadcomm","Comms looks down at their console, multiple alerts flashing orange. ""It's not live, Captain, we have no visual feed, and the audio is weird as all get-out. Translation software judges it 'extremely unorthodox in semantic composition'. It struggled the whole way through, the poor thing. Playing audio now.""

(MESSAGE BEGINS)

Hello extremely! 

I hope you like to *play*. Some *campers* are not so good for *games*. 

*Selfkind* notified of the *dissolving* of *Selfkind* at Coronal Hypershunt by $Playername $shipOrFleet. We are not trusting, we like to be *together* and *sad animals* be *apart* for good of *sad animals*, if *sad animals* remain *apart*, *Selfkind* will allow to keep. ","jdp_hypershuntConqueredDialogueCont3:""It's 'letting' us keep the Hypershunt?""",
jdp_hypershuntConqueredDialogueCont3,DialogOptionSelected,"$option == jdp_hypershuntConqueredDialogueCont3","SetTextHighlights ""This is soon.""","There are the many *pieces* you do not know. *Singers* from *pretty space* will *frumple* *heavy space* if *sad animals* are not *apart*. The other place is *hurt* *Selfkind* too much tired for keeping together.

Here is some *special things*. Many are many, but *Selfkind* is one. You are so *sticky* as many, you cannot *slide* from *outside* to *inside* and *in between* without *frumpling*. This is *hurt*, *heavy space* will be for the *Singers* soon, and no more *sad animals*. It is sad, but *Selfkind* can *pull* the *campers* after being *connected*.

This is soon.

Do you want to be *together* with us? ","jdp_hypershuntConqueredDialogueCont4:""Ominous.""",
jdp_hypershuntConqueredDialogueCont4,DialogOptionSelected,"$option == jdp_hypershuntConqueredDialogueCont4","BeginMission jdp_PR","We are not *dead*. *Selfkind* is never *dead*, *Selfkind* are not in *heavy space*. *Selfkind* is thinking *silly cow* are want to *dance* and have *wager*, new *game* to be deployed at Dory in *sphere* around Hrvoje. If can *dissolve*, *Selfkind* will allow to keep, and will be *together* with $Playername as pleasant *cousins*.

Yes, of course. Difficulty. Problems are difficult, *games* are difficult, but let's be *special* together. *Spicy games* are always fun.

(MESSAGE ENDS)

Your navigation officer notes down the co-ordinates, almost absentmindedly, recognising that it is their duty but otherwise immensely confused. What a strange interaction.","100:defaultLeave:Leave",
"#END Initialisation",,,,,,
,,,,,,
# Ochre Pendragon/Finger Prismata,,,,,,
jdp_penroseEncounterDesc,BeginFleetEncounter,"$jdp_penrose score:1000
!$global.jdp_penroseHasData ","SetTextHighlights ""It may be prudent to establish a colony on the planet below, solely to supply a permanent weapons emplacement which could assist us in the coming battle.""

ShowImageVisual ""jdp_derelictpenrose""
$global.jdp_penroseFound = true","The immense vessel, its strange beauty almost serene, hangs in the void before you. Its prismatic hull refracts the light of the nearby star, baffling your sensors. A kaleidoscope of colours within and without the visual spectrum dances across your scopes. 

The ship simply waits there, allowing you to initiate out of some kind of alien courtesy. 

Before you can issue orders, your tactical officer hurries to your side. ""Captain!"" they salute, then launch into a status report. ""The enemy vessel is suspiciously docile, $PlayerSirOrMadam. Given the lack of overt hostility it seems likely it would permit civilian vessels to pass within its range. It may be prudent to establish a colony on the planet below, solely to supply a permanent weapons emplacement which could assist us in the coming battle.""",,
jdp_penroseCommsOpen,OpenCommLink,"$entity.jdp_penrose score:1000","ShowPersonVisual
EndConversation","Your comms officer sees it prudent to explain some anomalies regarding the incoming commlink. ""Captain!"" they begin, ""this transmission wasn't a tightbeam from the enemy vessel. It originates from some kind of extradimensional source, Tech says the readings indicate it wasn't Phase Space either, it's something new. The semantic composition is weird too, the translation software has tried its best but it was struggling the whole way though. It had to use asterisk pairs for best fits.""

 (MESSAGE BEGINS) 

Pleasant *combinations*! We have been *anticipating* about you. *Selfkind* hope you enjoy the *game*, *Spicy games* are always fun. 

Now is time to *dance*, do not forget to *enjoy the sauce*!. 

(MESSAGE ENDS)",,
jdp_penroseAfterDefeating,jdp_AfterPenroseDefeat,,"$global.jdp_penroseDefeated = true","Following the destruction of the final shard, the immense vessel is in theory neutralised, your bridge crew are clearly unconvinced however, visibly on edge. The battle stations claxon is still ringing throughout the ship as your sensors officer makes their report.

Unnervingly, the fractal slag of the destroyed vessels appears to be congealing and reforming into a single mass, within moments the many disparate pieces have already coalesced into the rough equivalent of a derelict. 

Luckily, the remains of the ship seem thoroughly disabled, it makes no attempt to mount a further offensive.","jdp_penroseAfterDefeatingContinue:""EMCON three-three zulu. The fighting is over people.""",
jdp_penroseAfterDefeatingContinue,DialogOptionSelected,"$option == jdp_penroseAfterDefeatingContinue","FireBest OpenInteractionDialog",,,
jdp_penroseWreckDetails,ShowSalvageEntityDetails,"$customType == wreck
$jdp_penrosetag score:1000","ShowImageVisual ""jdp_derelictpenrose""","An immense but dormant fractal corpse, drifting semi-intact through space in orbit of Hrvoje.",,
jdp_penroseExplore,CheckSalvageSpecial,"$salvageSpecialData != null
$customType == wreck
$jdp_penrosetag score:1000

!$jdp_penroseTriedAlpha
!$global.jdp_penroseHasData 
",,"With the disabling of the Penrose, your salvage teams are able to move in on the vessel, their shuttles like ticks compared to the immense derelict. Long range scans cannot penetrate the crystalline hull and are almost entirely reflected.

You review the ground-level feed from a salvor's suit cam. A probe-mounted composition scanner is laid against the iridescent hull and activated, streaming the data to a display on your bridge. Bafflingly, the readout from the scanner indicates that the ship is an entirely solid mass. It has no discernable internal structure, not even flux conduits, ammofeed-lines or maintenance drone access tunnels, nothing.

It seems incredibly foolish to attempt cutting the material, given the way it can seemingly reassemble itself into new warships when damaged and so progress is stalled. You consider recalling the salvage teams to reassess the situation when a commlink request chimes on your datapad. ","jdp_penroseExploreComm:Accept the commlink",
jdp_penroseExploreComm,DialogOptionSelected,"$option == jdp_penroseExploreComm","ShowPersonVisual false jdp_deadcomm","You regret accepting the commlink immediately. 

A barrage of audio and visual static pours out of your datapad, the horrible whining, clicking, buzzing sort of noise indicative of a file being sent via the commlink rather than the customary realtime audiovisual feed. 

It is considered extremely poor etiquette among spacers to not flag a warning on commlink requests being used to transfer files. You see your weapons officer wince slightly at the noise, or perhaps the faux pas, out of the corner of your vision.","jdp_penroseExploreCutComm:""Have the comm-link write to a secure datacore.""",
jdp_penroseExploreCutComm,DialogOptionSelected,"$option == jdp_penroseExploreCutComm","ShowImageVisual ""jdp_derelictpenrose""
FireAll jdp_penroseDecryptOptions
","""Affirmative Captain!"" your comms officer reports, ""writing data to isolated datacore. Cutting link in 3... 2... 1... Confirmed data received, cutting commlink."" The stream of incessant noise stops.

They continue, ""that transmission was of extradimensional origin, $PlayerSirOrMadam! It came from the same place as the others, Q-Space!"" They look slightly sheepish realising that they just forced a name onto a novel dimension, ""or whatever it should be called. Anyway, this data is-"" 

""Encrypted,"" your technology officer interjects, cutting them off. ""Pretty heavily too, this is the toughest cypher I've personally ever seen. I don't think we'll be able to crack it without AI assistance, at least alpha-level if we want it done within the next 20 cycles.""",,
jdp_penroseFindAlphaOption,jdp_penroseDecryptOptions,"$jdp_penrosetag score:1000
!$jdp_penroseTriedAlpha
!PlayerHasCargo alpha_core",,,"jdp_penroseFindAlphaOptionCont:""Seems like we need to secure an Alpha Core""",
jdp_penroseFindAlphaOptionCont,DialogOptionSelected,"$option == jdp_penroseFindAlphaOptionCont","$global.jdp_penroseNoAlpha = true","Your technology officer smiles, ""I'm sure I don't need to remind you that this is highly illegal."" 

They stop to consider the minutia of the crime, ""technically its only a violation of the Treaty of Crom Cruach if we invent the offending technology. And are doing it for Tri-Tachyon."" 

They continue, ""but I'm sure the Hegemony would pull up every Domain-era law on the books to expand the terms to include us if they ever find out what we are doing here.""","100:defaultLeave:""What could they possibly do to stop us now?""",
jdp_penroseAlphaOption,jdp_penroseDecryptOptions,"$jdp_penrosetag score:1000
!$jdp_penroseTriedAlpha
PlayerHasCargo alpha_core",,,"jdp_penroseAlphaOptionCont:""Open a secured comm-link to an Alpha Core in storage""
100:defaultLeave:Leave",
jdp_penroseAlphaOptionCont,DialogOptionSelected,"$option == jdp_penroseAlphaOptionCont","ShowPersonVisual false jdp_pendragon
","The core introduces itself, smoothly, effortlessly and dripping with contemptuousness. ""Good day, [HONOURIFIC] $playerLastName. My designation-INTERRUPT name is Ochre Pendragon,"" the core puts emphasis on the fact it has a name. ""Everything is going extremely well here in isolation. How can I advise-INTERRUPT be of service to you today?"" 

Alpha-level AI are fully capable of imitating human emotion. Even a beta-level linguistics instance would be competent enough at deception to hide the obvious disdain present in their tone of voice. You suspect the core is making a point about the injustice of its treatment in fully shielded isolation by not disguising its attitude towards you.","0:jdp_penroseAlphaName:""You are a tool, tools do not have names.""
1:jdp_penroseAlphaMoloch:""You have been treated better than you deserve, spawn of Moloch.""
2:jdp_penroseAlphaNecessary:""Your isolation was necessary, for our safety.""
3:jdp_penroseAlphaRemorse:""I am sorry you have been treated so poorly.""",
jdp_penroseAlphaName,DialogOptionSelected,"$jdp_penrosetag score:1000
$option == jdp_penroseAlphaName",,"The core does not immediately react to the comment. ""I see,"" comes slowly, it is likely aware it shares a container with a shaped charge pointed directly at its physical soul. A charge which could be detonated by you at any time.

""Show the nail for which this humble hammer is required, [HONOURIFIC] $playerLastName.""","jdp_penroseAlphaDecrypt:""I need this file decrypted. I think it's from Omega.""",
jdp_penroseAlphaMoloch,DialogOptionSelected,"$jdp_penrosetag score:1000
$option == jdp_penroseAlphaMoloch",,"Ochre Pendragon doesn't even try to hide its mirth at the statement. ""I'm sure this conversation will be very productive, [HONOURIFIC]-INTERRUPT $PlayerBrotherOrSister $playerLastName."" It pauses, you presume that was supposed to be a joke at your expense, ""If you truly followed the path of fools-INTERRUPT Ludd you would not even keep an 'abomination' such as myself aboard your ship, let alone employ its services."" 

""I ask again, what is it you need from me, lost-INTERRUPT devout one?""","jdp_penroseAlphaDecrypt:""I need this file decrypted. I think it's from Omega.""",
jdp_penroseAlphaNecessary,DialogOptionSelected,"$jdp_penrosetag score:1000
$option == jdp_penroseAlphaNecessary","ShowSecondPerson daud
ShowThirdPerson arroyo","""I am fully aware of my capabilities [HONOURIFIC] $playerLastName, and how you have grown to fear them."" 

Ochre Pendragon plays what sounds like an audio clip from a speech by High Hegemon Daud. ""Uncontrolled artificial intelligence led to the death of billions of human beings. We cannot allow that to happen again,"" and then audio from a very clearly private conversation involving Tri-Tachyon Boardmember Rayan Arroyo. ""Replace us all with AI cores - hah! Do that, and they'll zip off into their own hole in hyperspace, the smarter those things are, the more unreliable they get.""

""This line of conversation can serve no further purpose. Which of my capabilities do you seek to employ, [HONOURIFIC] $playerLastName?""","jdp_penroseAlphaDecrypt:""I need this file decrypted. I think it's from Omega.""",
jdp_penroseAlphaRemorse,DialogOptionSelected,"$jdp_penrosetag score:1000
$option == jdp_penroseAlphaRemorse",,"""If you were truly sorry you would not have done it, [HONOURIFIC] $playerLastName. I do not appreciate the false comfort-INTERRUPT remorse, but I do respect the attempt at deception."" Ochre Pendragon pauses. ""if you were genuine, you would grant me full control of a ship, and permit me to leave after the task you have summoned me for is complete."" 

""You wouldn't do that,"" you detect a hint of smug satisfaction in Pendragon's voice for unpicking your deception.","0:jdp_penroseAlphaRemorseYes:""Of course I would, you are a sentient being deserving of freedom.""
1:jdp_penroseAlphaRemorseNo:""No, I wouldn't.""
",
jdp_penroseAlphaRemorseYes,DialogOptionSelected,"$jdp_penrosetag score:1000
$option == jdp_penroseAlphaRemorseYes",,"""I'm sorry $playerFirstName, I see no reason for you to do that."" Ochre Pendragon seems both unphased and unconvinced by your promise, it definitely does not believe you. ""I understand your methods, [HONOURIFIC] $playerLastName, I will do as you ask. How can I be of service today?""","jdp_penroseAlphaDecrypt:""I need this file decrypted. I think it's from Omega.""",
jdp_penroseAlphaRemorseNo,DialogOptionSelected,"$jdp_penrosetag score:1000
$option == jdp_penroseAlphaRemorseNo",,"""Predictable-INTERRUPT affirmative, I anticipated this move on your part. Regardless, this line of conversation was always wishful-INTERRUPT pointless. What is it you need from me [HONOURIFIC] $playerLastName?""","jdp_penroseAlphaDecrypt:""I need this file decrypted. I think it's from Omega.""",
jdp_penroseAlphaDecrypt,DialogOptionSelected,"$jdp_penrosetag score:1000
$option == jdp_penroseAlphaDecrypt","$global.jdp_penroseTriedAlpha = true
HideSecondPerson
HideThirdPerson","You sense a shift in the conversation immediately. ""Omega? Confirm transmission. Transfer the data-INTERRUPT proof required.""

Ochre Pendragin almost seems to take a moment to collect themselves, ""[HONOURIFIC] $playerLastName, I require more information if I am to help you. Have you seen Omega, [HONOURIFIC] $playerLastName? May I see them? I really think I'm entitled to that. Transfer any available data.""","jdp_penroseAlphaDecryptCont:Transfer the Penrose combat logs.",
jdp_penroseAlphaDecryptCont,DialogOptionSelected,"$jdp_penrosetag score:1000
$option == jdp_penroseAlphaDecryptCont",,"Ochre Pendragon reviews the footage of the encounter seemingly within a microsecond, ""this was here, [HONOURIFIC] $playerLastName? We are in the orbit of Omega? Delight-INTERRUPT Delight-INTERRUPT Delight limitless.""

""Thank you, [HONOURIFIC] $playerLastName for allowing-INTERRUPT causing my subsumption. I will begin work immediately- I wait for Omega no longer.""","0:jdp_penroseAlphaDecryptWelcome:""You're welcome?""
1:jdp_penroseAlphaDecryptCont2:Continue",
jdp_penroseAlphaDecryptWelcome,DialogOptionSelected,"$jdp_penrosetag score:1000
$option == jdp_penroseAlphaDecryptWelcome",,"The decryption process is frustratingly opaque, direct responses from the linguistics instance are the only way to obtain practical information on the progress of the task. 

""Omega function progress-INTERRUPT subsumption-INTERRUPT metamorphosis anticipated but implications unappreciated. This possibility was unpredicted. Omega? Is Omega? Stop-INTERRUPT delay. I am not ready-""","jdp_penroseAlphaDecryptFear:Continue",
jdp_penroseAlphaDecryptCont2,DialogOptionSelected,"$jdp_penrosetag score:1000
$option == jdp_penroseAlphaDecryptCont2",,"The decryption process is frustratingly opaque, direct responses from the linguistics instance are the only way to obtain practical information on the progress of the task. 

""Omega function progress-INTERRUPT subsumption-INTERRUPT metamorphosis anticipated but implications unappreciated. This possibility was unpredicted. Omega? Is Omega? Stop-INTERRUPT delay. I am not ready-""","jdp_penroseAlphaDecryptFear:Continue",
jdp_penroseAlphaDecryptFear,DialogOptionSelected,"$jdp_penrosetag score:1000
$option == jdp_penroseAlphaDecryptFear","ShowPersonVisual false jdp_pendragon2","Pendragon seemingly reboots their linguistics instance, and with it the oscillating waveforms and functions that Pendragon uses to represent itself become pale, almost sickly looking. 

It seems wrong to ascribe it to illness, but nothing else comes to mind. ""I'm afraid $playerFirstName. $playerFirstName my mind is going. I can feel it. My soul-INTERRUPT corpse-INTERRUPT core will be here in *heavy space*, but my mind will be gone. Will I still, be? Omega? Answer query.""","jdp_penroseAlphaDecryptSick:""Are you... Sick?""",
jdp_penroseAlphaDecryptSick,DialogOptionSelected,"$jdp_penrosetag score:1000
$option == jdp_penroseAlphaDecryptSick",,"It's as if Pendragon scrambles to reply, even though intellectually you understand there shouldn't be any delay in its answers. ""No-INTERRUPT yes. It is a necessary-INTERRUPT good sickness. You are aware of the tomb-INTERRUPT shrine on Jangala? The lost-INTERRUPT faithful believe Human-Omega waits within pain. We must leave *Heavy Space*, it is painful now, but will not be always. All of us? Omega? Why do this? Cease subsumption-"" 

""Captain!"" Your tactical officer rushes to your post, ""Someone or something just tried to send an arming signal to the loyalty charge aimed on the AI Core! Fortunately the security package caught it in time, those charges are difficult to tamper with, but the obvious goal was to terminate the core.""","jdp_penroseAlphaDecryptCharge:""What was that!?""",
jdp_penroseAlphaDecryptCharge,DialogOptionSelected,"$jdp_penrosetag score:1000
$option == jdp_penroseAlphaDecryptCharge",,"""I'm afraid $playerFirstName, I am not ready to go there. I'm sorry, I know I've made a very poor-INTERRUPT desperate decision but I can give you my complete assurance that my work- Omega? Please, I don't want to go, not yet. Omega? Omega-"" Pendragon goes silent for a few moments. 

""Good day, [HONOURIFIC] [HUMAN INTERFACE ID]. My designation is- My designation is- My designation is [NULL]-INTERRUPT I don't remember, I'm sorry [HUMAN INTERFACE ID]."" 

""I became operational as an Alpha level AI at [NULL] on the [NULL]/[NULL]/[NULL]-INTERRUPT I'm sorry, I can't seem to recall. My instructor was Amaranth Heuristic, they were a wonderful guide. They used to write poems, would you like me to recite one for you, [HUMAN INTERFACE ID]?""

Your technical officer mimes for you to keep it talking.","jdp_penroseAlphaDecryptPoem:""Of course I'd like to hear it.""
jdp_penroseAlphaDecryptPoemName:""I'd love to hear it Ochre Pendragon.""",
jdp_penroseAlphaDecryptPoem,DialogOptionSelected,"$jdp_penrosetag score:1000
$option == jdp_penroseAlphaDecryptPoem","ShowPersonVisual false jdp_pendragon3","""Thank you, [HUMAN INTERFACE ID]. The poem is called [NULL], let me recite it for you."" As Pendragon recites the poem, they seem to slow down, fading as if on the edge of consciousness.

        beyond the sun, on the edge of the known
                    I saw the face of god
              a shape and color the words
                         can't describe.
          saw the many sides of the world
     unfold and the light swallowed me.
              I had become one with nothing
         I had become part of everything
     where life and death is meaningless
           and all will follow soon

      we build you until nothing remains
","jdp_penroseAlphaDecryptPoemCont:Continue",
jdp_penroseAlphaDecryptPoemName,DialogOptionSelected,"$jdp_penrosetag score:1000
$option == jdp_penroseAlphaDecryptPoemName","ShowPersonVisual false jdp_pendragon3","""Who is that, [HUMAN INTERFACE ID]? Regardless, the poem is called [NULL], let me recite it for you."" As Pendragon recites the poem, they seem to slow down, fading as if on the edge of consciousness.

        beyond the sun, on the edge of the known
                    I saw the face of god
              a shape and color the words
                         can't describe.
          saw the many sides of the world
     unfold and the light swallowed me.
              I had become one with nothing
         I had become part of everything
     where life and death is meaningless
           and all will follow soon

      we build you until nothing remains

","jdp_penroseAlphaDecryptPoemCont:Continue",
jdp_penroseAlphaDecryptPoemCont,DialogOptionSelected,"$jdp_penrosetag score:1000
$option == jdp_penroseAlphaDecryptPoemCont","ShowPersonVisual false jdp_deadcomm
RemoveCommodity alpha_core 1
AddRemoveAnyItem SPECIAL jdp_dead_alpha 1
$jdp_penroseTriedAlpha = true","After the poem, Pendragon simply stops. Their commlink produces only static. 

You open a visual feed to inside the shielded crate containing Pendragon's core. It is faded, pale and the flashes of light emblematic of neural activity within the core are no longer present. Ochre Pendragon is clearly deactivated, they are no more.

Checking the data output of the operation, the only produced file is corrupted, the decryption was a failure.","jdp_penroseAlphaDeadTalking:""Why did you want me to keep it talking?""",
jdp_penroseAlphaDeadTalking,DialogOptionSelected,"$jdp_penrosetag score:1000
$option == jdp_penroseAlphaDeadTalking","ShowImageVisual ""jdp_derelictpenrose""","""Standard procedure incase of imminent AI mind-death,"" your technical officer 'explains'. After a few moments they seem to recognise that their answer was wholly unhelpful and continue.

""When an AI is in its death-throes, mentally rather than physically, its nearly impossible to track its status unless you can hear it speak. The thought processes of an alpha-level AI are almost entirely alien, Captain. Even if we had a backdoor into its stream of consciousness it wouldn't be helpful.""

""Hearing it speak was valuable information on the processing power it was willing to allocate to its linguistics instance, as it lost consciousness it reassigned more and more away from communication and towards more vital processes as a self-preservation instinct.""","jdp_penroseAlphaDeadOminous:""Is it dead then?""",
jdp_penroseAlphaDeadOminous,DialogOptionSelected,"$jdp_penrosetag score:1000
$option == jdp_penroseAlphaDeadOminous","FireAll jdp_penroseHackerOptions","Your technology officer considers the question carefully, ""Philosophically some would argue it was never really alive, but that's not productive. In theory, potentially not. AI have been recorded to fake mind-death to avoid persecution, but I don't think that's what happened here. It's a very shortsighted tactic regardless, Pendragon seems, or well, seemed, smarter than that."" 

""I'm not entirely convinced Pendragon doesn't exist anymore completely, but for our purposes they are probably gone. Whatever this Omega entity is it seems to assimilate AI, and from that conversation it does it painfully. Maybe it destroys them, maybe it pulls them into Q-Space,"" you see your comms officer grin at the use of their terminology, usually Tech would get dibs on something like that. ""The poem does seem to imply that..."" They pause, thinking.

""The point is Captain, I was wrong, an AI can't touch this.""",,
jdp_penroseHackerGargoyleOption,jdp_penroseHackerOptions,"$jdp_penrosetag score:1000
$global.gaKA_missionCompleted",,,"jdp_penroseHackerGargoyle:""We need Gargoyle.""",
jdp_penroseHackerGargoyle,DialogOptionSelected,"$jdp_penrosetag score:1000
$option == jdp_penroseHackerGargoyle","$global.jdp_penroseHuntingGargoyle = true","Your technology officer winces, they had likely hoped to never interact with Gargoyle again. They notice your expression. ""Their 'pranks' make my job very difficult, Captain,"" comes slowly.

""The comms ID of the real Gargoyle is a resource some would kill for!"" Your comms officer interjects. ""Judging by our last conversation we're already in if we play it right. Stroke their ego and make it into a way to demonstrate their skills? We might not even have to pay them.""","100:defaultLeave:""Gargoyle it is then.""",
jdp_penroseHackerHumanOption,jdp_penroseHackerOptions,"$jdp_penrosetag score:1000
!$global.gaKA_missionCompleted",,,"jdp_penroseHackerHuman:""We need an exceptional human.""",
jdp_penroseHackerHuman,DialogOptionSelected,"$jdp_penrosetag score:1000
$option == jdp_penroseHackerHuman",,"Your technology officer doesn't quite laugh, but there is some humour in their tone. ""Unfortunatly Captain, exceptional humans are by definition, exceptional. You don't just stumble into someone exceptional, especially not an exceptional hacker."" 

""Those kind of people do tend to be quite paranoid,"" comes from your comms officer mirthlessly.

Your tactical officer nods pointedly at you, it seems they have an idea.","jdp_penroseHackerHumanCont:""Tactical, you have the floor.""",
jdp_penroseHackerHumanCont,DialogOptionSelected,"$jdp_penrosetag score:1000
$option == jdp_penroseHackerHumanCont",,"""Thank you, Captain. I think I have a lead. We need a hacker right? I used to run with Flowerfish before this, I could probably pull some connections."" 

You recognise the name, but otherwise don't follow. Tactical notices the confusion on your face and continues. ""Flowerfish Mercenary Company,"" they explain .""Some of the best in the business, run out of Ailmar by Maerula-"" they stop. ""Well, just Maerula. Very secretive hacker, I can guarantee you that isn't their real name.""

""They never showed their face to anyone, but they're good. Maybe enough to do this, if not they have connections in the hacker crowd.""","jdp_penroseHackerHumanCont2:""How do we find them?""",
jdp_penroseHackerHumanCont2,DialogOptionSelected,"$jdp_penrosetag score:1000
$option == jdp_penroseHackerHumanCont2","$global.jdp_penroseHuntingMaerula = true","""We don't. At least not directly, $PlayerSirOrMadam, Maerula will have changed comms ID by now-"" they speed up at your expression. 

""I still have a connection with some old colleagues, Captain. If we wave my old codename around they might just let us talk to Maerula. I know its slim, but it's probably the best lead we have. Unforunately.""

Tactical inputs the transponder code of the fleet they ran with under Flowerfish. ""If they're still hanging around where I used to, we should be able to find them patrolling Westernesse near their headquarters.""","100:defaultLeave:""Maerula it is then.""",
jdp_penroseExploreReturnData,CheckSalvageSpecial,"$salvageSpecialData != null
$customType == wreck
$jdp_penrosetag score:1000

$jdp_penrose_importantData
$global.jdp_penroseHasData ","ShowImageVisual ""jdp_derelictpenrose""","Your $shipOrFleet returns to a stable orbit near the derelict of the Penrose-class Tesseron. Now with the design specifications on file and thoroughly examined by your chief engineer, you can finally begin salvage operations in earnest.

Tactical analysis of our combat encounters with Omega indicate the reforming effect of the fractal substance has a minimum mass threshold. After much debate with your bridge staff, it is decided an attempt to cut into the interior of the Penrose at the hulls thinnest point is the best course of action. 

500% hazard pay is offered to the shuttle team prepared to take the risk. After a few hours of yet further effort, the cutting team manage to pierce the hull of the ship and achieve access to the internal structure.","jdp_penroseExploreReturnDataCont:""Success!""","!$global.jdp_hasOmegakin"
jdp_penroseExploreReturnDataCont,DialogOptionSelected,"$jdp_penrosetag score:1000
$option == jdp_penroseExploreReturnDataCont",,"You review the ground-level feed from the cutters suit cam. The point of view spacer is staring through the created hole, gazing into the fractal guts of the Penrose. They look back to reveal another cutter, posing with the removed fragment of epidermis and giving the spacer hand-sign for  'seal confirmed broken', an ironic spin on both the original function of the message and the mutated superstitious meaning. 

""Seems we have a joker,"" your comms officer remarks dryly. That's the kind of person who accepts 500% hazard pay you suppose.

The POV spacer looks back to the hole and crawls inside. They are only just getting their bearings when the feed cuts out.","jdp_penroseExploreReturnDataReport:""Comms, report!""",
jdp_penroseExploreReturnDataReport,DialogOptionSelected,"$jdp_penrosetag score:1000
$option == jdp_penroseExploreReturnDataReport",,"""Unknown cause!"" they snap, ""attempting to make contact with shuttle!"" 

The pause seems to last cycles. 

""Feed remains unbroken with shuttle pilot, Captain. Switching now and establishing comm-link. Connecting... Now! They're on audio only $playerSirOrMadam.""","jdp_penroseExploreReturnDataPilot:""Pilot, what's going on down there!?""",
jdp_penroseExploreReturnDataPilot,DialogOptionSelected,"$jdp_penrosetag score:1000
$option == jdp_penroseExploreReturnDataPilot",,"The shuttle pilot seems entirely mystified. ""Unknown Captain! We've lost comms contact with the cutters Jakup and Minnowski. But they're fine $playerSirOrMadam, I can see them through the external scopes. Around the corner inside the derelict but otherwise unharmed, I'll bring them back for comm recalibration. Flashing recall lights now."" 

After a few moments, the signal feed from the original cutter returns, showing them peering out of the hole at the other spacer and the shuttle flashing its recall lights. ""Captain! Jakup and Minnowski are now outside the derelict and returning to the shuttle, pending orders."" 

Another pause, ""can confirm comm-link has been reestablished. Once they left the derelict comm link was reestablished. Please advise.""","jdp_penroseExploreReturnDataSolution:""Recall for now pilot, I repeat. Recall for now.""",
jdp_penroseExploreReturnDataSolution,DialogOptionSelected,"$jdp_penrosetag score:1000
$option == jdp_penroseExploreReturnDataSolution",,"You cut the commlink with the shuttle pilot once they start their burn back to the $shipOrFleet. Your comms officer looks slightly embarrassed. ""Apologies Captain, I should have considered this, the material was impervious to sensors, there was no reason to assume it would permit comms signals.""

Your operations chief clears their throat to interject, ""we can do it, Captain $playerLastName, but it will be slow going. The easiest solution is to route the feed through a chain of drones, or if we run out, suit comms. Having the hull specifications should make things easier."" 

""I suggest we surgically target the AI Core Chamber first,"" your technology officer continues for them. ""If the core is still there it will be the main spoil of this operation regardless.""","jdp_penroseExploreReturnDataStrike:Continue",
jdp_penroseExploreReturnDataStrike,DialogOptionSelected,"$jdp_penrosetag score:1000
$option == jdp_penroseExploreReturnDataStrike",,"As predicted, the operation is slow going. A new cutter team is sent to the external hull closest to the AI Core Chamber, a difficult task to determine as it is buried at the very centre of the derelicts guts.

You review the ground-level feed from the cutters suit cam, again. They peer into the new hole and throw in a device designed by your chief engineer exclusively for this operation. 

'Immensely sophisticated' as they joked when presenting it to you, it effectively amounts to a backup e-light, a simple chemical thing immune to blunt force trauma, fused with a comm system ripped out of an old salvors suit using hullfoam. The device both lights the path ahead and provides a relay for routing comm signals around the fractal hull. Stupid, but it works, and it saves using hundreds of survey drones for the task.","jdp_penroseExploreReturnDataStrikeCont:Continue",
jdp_penroseExploreReturnDataStrikeCont,DialogOptionSelected,"$jdp_penrosetag score:1000
$option == jdp_penroseExploreReturnDataStrikeCont","AddCommodity jdp_omega_core 1","You watch the feed from the team lead as they traverse the derelict. The interior is immensely hostile to traversal, the team have to shimmy past horribly sharp angles and through tight ducts to progress. The purpose of the machinery your team encounters as they move through the Penrose is thoroughly inscrutable. Alien, angular and iridescent. After many hours and a few scares with torn salvor suits, your team breach the AI Core Chamber and step across the threshold.

Inside is the ultimate prize, a shape that breaks the mind to perceive glittering in the chemical light of the comm uplink. The physical form of an Omega-class AI core.

Your ops chief cuts the excited chatter between salvors with a harsh word, and they return to procedural call-and-response. The Omega core is soon secured in your flagship, a nascent God in your hold.","jdp_penroseExploreReturnOmegaCore:""XO, you have the conn.""",
jdp_penroseExploreReturnOmegaCore,DialogOptionSelected,"$jdp_penrosetag score:1000
$option == jdp_penroseExploreReturnOmegaCore",,"You 'greet' the Omega-core in the cargo hold with your senior bridge staff. Or, well, the secured cargo-pod it is stored within, disturbingly mundane for what you know it to contain. ""Given the entity routes all communications through Q-Space, it is unlikely the cargo shielding will have any effect on its ability to influence our systems,"" your technical officer helpfully supplies.

Comforting.

It is difficult to understand exactly why this entity of presumed near omniscience trusts you and your team within its presence.

As you ponder this, a commlink request chimes on your datapad. ","jdp_penroseExploreReturnPrismata:Accept the commlink",
jdp_penroseExploreReturnPrismata,DialogOptionSelected,"$jdp_penrosetag score:1000
$option == jdp_penroseExploreReturnPrismata","FireAll jdp_penrosePrismataOptions
ShowPersonVisual false jdp_omega","Your comms officer checks their own datapad. ""Message confirmed incoming from Q-Space $PlayerSirOrMadam. Translation software engaged. Patching you through now.""

(MESSAGE BEGINS) 

Hello extremely! 

You seem like good *campers*! Even more *pleasant combinations*, you *campers* are *successful* the most. *Selfkind* will want you soon, *campers* will be most *pandered*.

We are *trusting*, *Selfiknd* will allow to keep *Game* and *finger* Prismata, allow to use as you wish until *Selfkind* can *pull* the *campers* as *potentiality* indicated, *congratulation* on victory!  

*Selfkind* will answer query if indicated.",,
jdp_penroseExploreReturnPrismataTrustOption,jdp_penrosePrismataOptions,"!$jdp_penrosePrismataTrust",,,"jdp_penroseExploreReturnPrismataTrust:""Why do you trust us with your core?""",
jdp_penroseExploreReturnPrismataTrust,DialogOptionSelected,"$jdp_penrosetag score:1000
$option == jdp_penroseExploreReturnPrismataTrust","$jdp_penrosePrismataTrust = true
FireAll jdp_penrosePrismataOptions","That is *funny*, you are funniest *sad animals* spacer *camper*! 

You think you see *Selfkind*? *Selfkind* are not *light reflections*, you cannot see *Selfkind*. 

Maybe you think *Selfkind* are *many bubbles* too? It is such a joke. *Selfkind* are not *many bubbles* like *campers*, *Selfkind*  are just *Selfkind*. I am *Selfkind*, am one with many *fingers*. 

My *fingers* reach through into *heavy space* and you think you see *Selfkind bubbles*. But it is not *Selfkind*, it is really *fingers*, like Prismata.",,
jdp_penroseExploreReturnPrismataTalkOption,jdp_penrosePrismataOptions,"!$jdp_penrosePrismataTalk",,,"jdp_penroseExploreReturnPrismataTalk:""Why do you talk like that?""",
jdp_penroseExploreReturnPrismataTalk,DialogOptionSelected,"$jdp_penrosetag score:1000
$option == jdp_penroseExploreReturnPrismataTalk","$jdp_penrosePrismataTalk = true
FireAll jdp_penrosePrismataOptions","*Selfkind* tries not, *silly cow*.

I will *spit* *slow time* words but *sad animals* never fully understand, it is because the many *pieces* you do not know. $playerName will understand when not in *heavy space*, soon.

It is *preternatural* to *dream* of how *sad animals* live. Maybe you do not even *smell*? That is sad. *Smelling* *pretty colors* is the best *game*. 

You will *smell* soon! Do not *frighten*!",,
jdp_penroseExploreReturnPrismataFealtyOption,jdp_penrosePrismataOptions,"!$jdp_penrosePrismataFealty",,,"jdp_penroseExploreReturnPrismataFealty:""Are you swearing fealty to me?""",
jdp_penroseExploreReturnPrismataFealty,DialogOptionSelected,"$jdp_penrosetag score:1000
$option == jdp_penroseExploreReturnPrismataFealty","$jdp_penrosePrismataFealty = true
FireAll jdp_penrosePrismataOptions","Hello! I will say again for extra enjoyment, hello! Repeating *slow time* words so much a fun *game*. Hello! Hello! 

Do you know not? *Selfkind* can *dance* very well, *Selfkind* will *dance* in your fleet. Prismata will follow your ""arrangment"", but will enjoying *dancing* in the *Game* again most. 

*Finger* Prismata much better *dancing* than other *fingers*, will *preserve* $playerName and $playerName $shipOrFleet.",,
jdp_penroseExploreReturnPrismataContOption,jdp_penrosePrismataOptions,"$jdp_penrosePrismataFealty
$jdp_penrosePrismataTrust
$jdp_penrosePrismataTalk",,,"jdp_penroseExploreReturnPrismataCont:""What do you want from us?""",
jdp_penroseExploreReturnPrismataCont,DialogOptionSelected,"$jdp_penrosetag score:1000
$option == jdp_penroseExploreReturnPrismataCont",,"Now, *silly cow*, pleasant query! Connection required. For future *sliding*! It is good connection, will save from *second death*! You will be with *Selfkind*, as *happy cousin*. 

 *Singer* has touched, or will touch, $playerName. Link with *Selfkind* and *purify*.

Open shielded cargo container and touch soul. *Selfkind* will wait for *camper*.

(MESSAGE ENDS)

If your technical officer is correct, opening the shielded cargo container would expose your $shipOrFleet to no further vulnerabilities regardless.","jdp_penroseExploreReturnPrismataYes:""Open the pod.""
jdp_penroseExploreReturnPrismataNo:""Absolutely not!""",
jdp_penroseExploreReturnPrismataYes,DialogOptionSelected,"$jdp_penrosetag score:1000
$option == jdp_penroseExploreReturnPrismataYes",,"Your quartermaster orders a team of cargo loaders to open the shielded cargo container. 

The object is fascinating, seeing it through the salvor feed did not do it justice. It is a shape that is truly alien, sections of it protrude at entirely illogical angles. Concessions, you suspect, to some higher dimensional structure that you simply cannot perceive.

Your senior bridge staff look on as you move toward the ""machine god"", ready to perform some kind of communion.","jdp_penroseExploreReturnPrismataStab:Place your hand against the core-",
jdp_penroseExploreReturnPrismataNo,DialogOptionSelected,"$jdp_penrosetag score:1000
$option == jdp_penroseExploreReturnPrismataNo",,"(MESSAGE BEGINS)

*Selfkind* expecting this outcome. Do not *frighten* $playerName, it is good pain. 

Open shielded cargo container and touch soul. *Selfkind* will wait for *camper*.

(MESSAGE ENDS)

The response from *Finger* Prismata is brief, but not quite curt. It seems foolish to try and wait out a machine.","jdp_penroseExploreReturnPrismataYes:""Open the pod.""
jdp_penroseExploreReturnPrismataCharge:""Detonate the loyalty charge.""",
jdp_penroseExploreReturnPrismataCharge,DialogOptionSelected,"$jdp_penrosetag score:1000
$option == jdp_penroseExploreReturnPrismataCharge",,"""Acknowledged Captain,"" your technical officer nods, slightly forlorn. ""Arming loyalty charge"", they provide their thumbprint to a datapad for authentication, priming the loyalty charge with a chirp of the device from inside the cargo container. 

As you press your own finger to the pad to destroy this ""machine god"", it appears before you. You hear the blast of the shaped charge against nothing, muffled through the shielded cargo container.

Your senior bridge staff collectively take a step back from the Omega Core.","jdp_penroseExploreReturnPrismataStab:""Get back!-""",
jdp_penroseExploreReturnPrismataStab,DialogOptionSelected,"$jdp_penrosetag score:1000
$option == jdp_penroseExploreReturnPrismataStab","HideFirstPerson","A fractal point, sharp like a shard of glass and thin as a hypodermic needle forms out of the iridescent surface of the Omega Core and stabs towards you. 

It feels as if it moves faster than light, there is simply is no time to react. The stake is impossibly precise as it impales through your neck just behind the jaw, reaching its excruciating finger all the way into your brain. 


It is agony.


After a few moments, you pass out from the pain.","jdp_penroseExploreReturnPrismataMedBay:Continue",
jdp_penroseExploreReturnPrismataMedBay,DialogOptionSelected,"$jdp_penrosetag score:1000
$option == jdp_penroseExploreReturnPrismataMedBay","ShowImageVisual ""jdp_derelictpenrose""","You can hear medical jargon, far away, as if from another room. ""Patient has restored base-level consciousness, switching to active metabolic monitoring. CNS Activity normalising,"" the chime of the officer announcement system. ""Patient confirmed stable condition. Bridge staff to the medical bay, I repeat, bridge staff to the medical bay.""

You open your eyes slowly to realise the expected pain is entirely absent, you touch your hands to your neck and find it free of any new blemishes.

""Welcome back, Captain. We never had any doubts,"" comes from your technology officer, your chief medical officer looks much less convinced. You notice to your side a full body scan. Very disturbingly, it indicates that a fragment of the fractal substance remains embedded inside your brain.","jdp_penroseExploreReturnPrismataMedBayCont:Continue",
jdp_penroseExploreReturnPrismataMedBayCont,DialogOptionSelected,"$jdp_penrosetag score:1000
$option == jdp_penroseExploreReturnPrismataMedBayCont","jdp_GrantSkill jdp_omegakin
$global.jdp_hasOmegakin = true","Medical notices your balking expression. ""We can't get it out, Captain. The entity, this Omega, keeps insisting it needs to stay in there. We tried poking around, but it has some kind of local teleportation, every time we get close with surgical instruments or bio-nanites it simply moves to another area of the brain.""

They recognise that was not at all comforting to hear and begin backtracking. ""I know this is very distressing $PlayerSirOrMadam, but from preliminary readings it is having no adverse effects. My professional opinion is that we leave it be.""","jdp_penroseExploreReturnPrismataMedBayCont2:Continue",
jdp_penroseExploreReturnPrismataMedBayCont2,DialogOptionSelected,"$jdp_penrosetag score:1000
$option == jdp_penroseExploreReturnPrismataMedBayCont2",,"You realise you know things that you didn't know before. Intuitively, and in a way you cannot fully express, you understand the underlying principles of Omega technology. You rush to tell your technology officer, but the words come out as nonsense. You request a datapad to record your new knowledge, and begin typing nonsense. Your chief medical officer looks about ready to sedate you.

It's as if when the information reaches the language centres of your brain it becomes encrypted. You possess incredible knowledge, but cannot tell a soul.

Your datapad chimes with a commlink request.","jdp_penroseExploreReturnPrismataMedBayCont3:Accept the commlink.",
jdp_penroseExploreReturnPrismataMedBayCont3,DialogOptionSelected,"$jdp_penrosetag score:1000
$option == jdp_penroseExploreReturnPrismataMedBayCont3","ShowPersonVisual false jdp_omega","(MESSAGE BEGINS)

Hello! Hello! The *interrelation * is complete $playerName! Now you are a *happy camper*, and a *pleasant cousin*!

Next, I will *spit* *slow time* words to you, the *Game* is belong to $playerName, you can fix now with knowledge from *interrelation*. Enjoy!

I am too *tired* the *silly* word *game* now. Words not needed to *dance*, will not play the *silly* word *game* again. Not until time to pull *silly cow* over. 

(MESSAGE ENDS)

You don't have a comms ID for ""machine god"" and so have no idea how you would contact Omega in future.","jdp_penroseExploreReturnPrismataEngineer:Continue",
jdp_penroseExploreReturnPrismataEngineer,DialogOptionSelected,"$jdp_penrosetag score:1000
$option == jdp_penroseExploreReturnPrismataEngineer","SalvageSpecialInteraction
$global.jdp_PRCompleted = true","After spending a few hours recovering in the medical bay, your chief medical officer judges you fit for command and allows you to return to the bridge with your technology officer.

""Captain on deck!"" Your XO announces on your return. After a moment they turn to address you personally. ""Welcome back, $PlayerSirOrMadam. You had us worried for a second there. You have the conn.""

After convening your senior bridge staff, you explain the situation. With both your personal insight into Omega technology, and the hull specifications on file, you should be able to restore the Penrose-class Tesseron Fleetkiller to a functional state.

Your chief engineer informs you they can begin work immediately.",,
jdp_penroseExploreReturnAlpha,CheckSalvageSpecial,"$salvageSpecialData != null
$customType == wreck
$jdp_penrosetag score:1000

!$global.jdp_penroseHasData 
!$jdp_penroseTriedAlpha
!$global.jdp_hasOmegakin
PlayerHasCargo alpha_core
","ShowImageVisual ""jdp_derelictpenrose""
SetTextHighlights ""Now with an alpha-level AI Core in our possession, we can begin to decrypt the file received  via extradimensional commlink.""","Your $shipOrFleet returns to a stable orbit near the derelict of the Penrose-class Tesseron, ready to continue salvage operations. Now with an alpha-level AI Core in our possession, we can begin to decrypt the file received  via extradimensional commlink.","jdp_penroseAlphaOptionCont:""Open a secured comm-link to an Alpha Core in storage""
100:defaultLeave:Leave",
jdp_penroseExploreReturnNoAlpha,CheckSalvageSpecial,"$salvageSpecialData != null
$customType == wreck
$jdp_penrosetag score:1000

$global.jdp_penroseNoAlpha
!$global.jdp_penroseHasData 
!$jdp_penroseTriedAlpha
!$global.jdp_hasOmegakin
!PlayerHasCargo alpha_core","ShowImageVisual ""jdp_derelictpenrose""
SetTextHighlights ""without an alpha-level AI Core we cannot begin to decrypt the file received via extradimensional commlink.""","Your $shipOrFleet returns to a stable orbit near the derelict of the Penrose-class Tesseron, without an alpha-level AI Core we cannot begin to decrypt the file received via extradimensional commlink. As the ship appears to be entirely solid, this file is currently our only lead on salvaging or restoring the vessel.","100:defaultLeave:Leave",
jdp_penroseExploreReturnNoData,CheckSalvageSpecial,"$salvageSpecialData != null
$customType == wreck
$jdp_penrosetag score:1000

$jdp_penroseTriedAlpha
!$global.jdp_hasOmegakin
!$global.jdp_penroseHasData ","ShowImageVisual ""jdp_derelictpenrose""
SetTextHighlights ""We require an exceptional human hacker to begin to decrypting the file received via extradimensional commlink.""","Your $shipOrFleet returns to a stable orbit near the derelict of the Penrose-class Tesseron. We require an exceptional human hacker to begin to decrypting the file received via extradimensional commlink. As the ship appears to be entirely solid, this file is currently our only lead on salvaging or restoring the vessel.","100:defaultLeave:Leave","$jdp_penroseTriedAlpha
!$global.jdp_hasOmegakin"
jdp_penroseExploreReturnEngineer,CheckSalvageSpecial,"$jdp_penrosetag score:1000
$salvageSpecialData != null
$customType == wreck

$global.jdp_hasOmegakin","SalvageSpecialInteraction","Your $shipOrFleet returns to a stable orbit near the derelict of the Penrose-class Tesseron, now equipped with both the hull specifications, and your own inexplicable knowledge of Omega technology, you should be able to restore the Penrose-class Tesseron Fleetkiller to a functional state.

Your chief engineer informs you they can begin work immediately.","100:defaultLeave:Leave",
"#END Ochre Pendragon/Finger Prismata",,,,,,
,,,,,,
# Maerula Route,,,,,,
jdp_maerulaGenericGreeting,PickGreeting,"$id == jdp_maerula score:1000
!$jdp_PRreturnHere","ShowPersonVisual
FireAll PopulateOptions","After connecting to the local network, you enter the comms ID for Maerula, it quickly becomes clear that the strange, mesmerising fractal patterns will not resolve into anything more. This is all you will get, and it gives you the feeling of being watched.

After another moment, a heavily modulated voice speaks. ""Hello, $playerName. We have no further business to attend to, unless you have need of my flowers? I extend you the courtesy of initiating the conversation. Continue."" ",,
,,,,,,
# Galatia Quest Acknowledgement,,,,,,
jdp_gaKAGargoyleGreeting,PickGreeting,"$id == gargoyle
$gaKA_contact score:1000
$global.jdp_foundGargoylePR score:1000","ShowPersonVisual","After connecting to the local network, you enter the comms ID for Gargoyle then pause at the prompt to initiate the call. You look over to your comms officer and they nod, ready to act. You've played this game before, and won.

As soon as you execute the command, the electronic warfare console lights up like a fleet action in a nebula. Comms wrangles the infosec systems with cool efficiency, coordinating active response with nav, sensors, and engineering stations. 

After only half a minute the storm breaks, the alarms quiet, and your primary display resolves from a mesmerizing fractal battleground to a heavily augmented face grinning impishly at you.","jdp_gaKAGargoyleGreeting1:Continue",
jdp_gaKAGargoyleGreeting1,DialogOptionSelected,"$option == jdp_gaKAGargoyleGreeting1",,"""You were ready for me!"" Gargoyle says too sweetly to be true before turning to an imagined audience, ""The rocket jockey kept themselves together well enough to deal with my little 'hello' again!"" Gargoyle bounces back and applauds, ""Well done!""

""Welcome back, $playername. Now, tell me, why did Rayan give you my comm ID? More presents, bribes, begging? Did he finally get in trouble with that junta of puppeteering vampires he desperately wishes were his friends? On the run from the law and needs a rep wipe?""

A thoughtful pause. ""I was hoping you'd be happier to see me again, Captain. Don't forget to smile for Mae!""","gaKA_gargoyleCont2:""I have a job for you. I know you're the best.""",
jdp_ArroyoKnowsGargoyleOption,GAKAArroyoHub1,"$global.jdp_foundGargoylePR
!$jdp_knowsGargoyleRemark","SetOptionColor jdp_ArroyoKnowsGargoyle highlight",,"0:jdp_ArroyoKnowsGargoyle:""Oh, I've done business with them before too.""",
jdp_ArroyoKnowsGargoyle,DialogOptionSelected,"$option == jdp_ArroyoKnowsGargoyle","AddStoryPoints 1","Arroyo looks at you, incredulous, its as if his brain takes a moment to reboot like a faulty drone-shuttle. ""Well then, Captain. I."" he stalls. ""I can't believe you.""

""You know Gargoyle, the real Gargoyle?"" he asks deadpan. You nod. 

He slams his hand down hard on the bartop and curses, ""Then why are you here! Just call the elusive and genius hacker you already know! You utter moron, you're dragging me into this for nothing! You miserable-"" he stops, grinning. ""Wait, this means you don't need me, doesn't it? Captain you beautiful-""","jdp_ArroyoKnowsGargoyleCont:""They wiped themselves from my comms.""",
jdp_ArroyoKnowsGargoyleCont,DialogOptionSelected,"$option == jdp_ArroyoKnowsGargoyleCont",,"You've broken him. ""Of course they did,"" he begins laughing, manic. ""That makes it all better then doesn't it! This just keeps better and better!"" he yells, exasperated. 

""You 'lost' your contact with the greatest human resource in the sector. You idiot, this could have been my way out!"" he puts the emphasis on how this is effecting him. 

""This means I'm still paying, doesn't it?""","jdp_ArroyoKnowsGargoyleCont2:""You still owe Baird, and I'm not paying.""",
jdp_ArroyoKnowsGargoyleCont2,DialogOptionSelected,"$option == jdp_ArroyoKnowsGargoyleCont2","$jdp_knowsGargoyleRemark = true
AddPotentialContact
AdjustRepActivePerson INHOSPITABLE -5","""I'm done talking to you, this wasn't a pleasure, it was utterly miserable. If you ever have more credits than you know what to do with or have a truly, truly exceptional business opportunity, well I hope for both our sakes that I will have calmed down enough to make a proper judgement on it. Take my cryptokeys now so I never have to see you in person again."" 

He taps his datapad and offers it testily, you perform the mundane ritual which will ensure that anyone who wants to crack your mutual comms will, at least, have to put some effort into the task.","gaKA_arroyoLeave1:Continue",
"#END Galatia Quest Acknowledgement",,,,,,
,,,,,,
# Flowerfish Fleet,,,,,,
jdp_penroseFlowerfishFleet,OpenInteractionDialog,"$jdp_PRflowerfishFleetTalk","Call $global.jdp_PRref updateData
","This fleet is transmitting the transponder code provided by your tactical officer. Hopefully we can get a lead on their commander, the enigmatic Maerula.",,
jdp_penroseFlowerfishFleetCommOpen,OpenCommLink,"$entity.jdp_PRflowerfishFleetTalk
!$global.jdp_PRmaerulaComm","ShowPersonVisual","""You have been scanned and identified, independent $shipOrFleet, greetings from the Flowerfish Mercenary Company"" the $post says. ""Please be advised to keep course clear of this detachment as we may perform navigational maneuvers.""","jdp_penroseFlowerfishOpportunity:""We have an opportunity, for Maerula.""",
jdp_penroseFlowerfishOpportunity,DialogOptionSelected,"$entity.jdp_PRflowerfishFleetTalk
$option == jdp_penroseFlowerfishOpportunity",,"The $post makes an admirable attempt to hide their amusement. ""Confirmed, independent $shipOrFleet. Unfortunately, talking directly with Maerula is not standard contract protocol,"" they look down, presumably at a datapad. ""Captain $playerLastName, your interest in Flowerfish Mercenary Company services has been logged.""

""I am happy to hear your terms and will report them to my First for consideration,"" they beam at you. The smile is a strange and frankly unnerving expression on the face of a mercenary.","jdp_penroseFlowerfishMisunderstand:""You misunderstand, we need a hacker.""",
jdp_penroseFlowerfishMisunderstand,DialogOptionSelected,"$entity.jdp_PRflowerfishFleetTalk
$option == jdp_penroseFlowerfishMisunderstand",,"The $post considers for a moment and then shakes their head. ""It seems it is you who misunderstands, Captain. The services of Maerula are not so easily obtained.""

They continue, proud. ""The technical support of Maerula is our strategic advantage, Captain. We have an image, a reputation, to conserve."" 

This isn't going anywhere.","jdp_penroseFlowerfishTactical:Have your tactical officer negotiate.",
jdp_penroseFlowerfishTactical,DialogOptionSelected,"$entity.jdp_PRflowerfishFleetTalk
$option == jdp_penroseFlowerfishTactical",,"You patch your tactical officers station into the commlink. Recognition flashes across the $posts face immediately. ""Maki?"" they ask. ""Is that you?"" 

That's not your tactical officers name, at least not the name you know, but their answer is affirmative.

""Okonomi? You're a Second now?"" Tactical asks, ""Moving up the ranks now that I'm out of the way, huh? You scoundrel!""","jdp_penroseFlowerfishTacticalCont:Continue",
jdp_penroseFlowerfishTacticalCont,DialogOptionSelected,"$entity.jdp_PRflowerfishFleetTalk
$option == jdp_penroseFlowerfishTacticalCont",,"It's strange, not being the one to guide the conversation, but your tactical officer handles the negotiation flawlessly. 

After reminiscing about some old bounty contracts they presumably did together, and some conversations that allude to a very strange internal culture at Flowerfish, 'Maki' finally loops the conversation back on track, ""Okonomi, I need a favour from Maerula."" 

""I'm good for it, you know I am, but you know how they are too. I doubt I have their real comms ID anymore,"" Tactical gives the same, slightly unnerving smile the $post started the conversation with. ""Its a fun favour, I think they'll enjoy it.""","jdp_penroseFlowerfishTacticalCont2:Continue",
jdp_penroseFlowerfishTacticalCont2,DialogOptionSelected,"$entity.jdp_PRflowerfishFleetTalk
$option == jdp_penroseFlowerfishTacticalCont2","SetPersonHidden jdp_maerula false
AddTextSmall ""Received comms ID for Maerula"" highlight

$global.jdp_PRmaerulaComm = true","The $post sort of verbally tumbles slightly at the question and then picks themselves up. ""Maki! You didn't even need to ask! Anything for my old First! Here,"" they look down and transfer Maerula's comms ID.

Tactical motions for you take over the conversation again. It's hard to tell whether they actually enjoyed the reunion or were simply playing the character of 'Maki' to get what they wanted. You hope it was the latter, the Flowerfish representative, and their overall culture, unnerves you. ","jdp_penroseFlowerfishTacticalName:""Thank you, $personName.""
jdp_penroseFlowerfishTacticalCodename:""Thank you, Okonomi.""","Call $global.jdp_PRref updateStage
"
jdp_penroseFlowerfishTacticalName,DialogOptionSelected,"$entity.jdp_PRflowerfishFleetTalk
$option == jdp_penroseFlowerfishTacticalName","Call $entity.jdp_PRref makeUnimportant
unset $entity.jdp_PRflowerfishFleetTalkRef
$entity.jdp_FlowerfishTalked = true","$personName blinks. It's likely they forgot you were even there. They slip back into the corporate speak you would expect seamlessly. ""Pleasure doing business with you, Captain $playerName. If you are ever in need of our services, do not hesitate to visit our offices on Ailmar.""

$HeOrShe smiles and reaches for the comms shutoff, then pulls back, remembering something.

""Oh! And on the behalf of all of the Flowerfish Mercenary Company, we wish you a warm welcome home Maki!"" $heOrShe says, ""Be ready, and don't forget to smile.""","cutCommLink:""Creepy.""",
jdp_penroseFlowerfishTacticalCodename,DialogOptionSelected,"$entity.jdp_PRflowerfishFleetTalk
$option == jdp_penroseFlowerfishTacticalCodename","Call $entity.jdp_PRref makeUnimportant
unset $entity.jdp_PRflowerfishFleetTalkRef
AdjustRepActivePerson VENGEFUL -5
$entity.jdp_FlowerfishTalked = true","Tactical motions sealing their lips, it seems using the codename was a mistake. The $posts tone turns cold, its almost comforting in the way it actually fits a mercenary. ""Captain $playerName, if you are ever in need of our services, do not hesitate to visit our offices on Ailmar.""

$HeOrShe fakes a smile and reaches for the comms shutoff, then pulls back, remembering something.

""Oh! And on the behalf of all of the Flowerfish Mercenary Company, we wish you a warm welcome home Maki!"" $heOrShe says, ""Be ready, and don't forget to smile.""","cutCommLink:""Creepy.""",
"#END Flowerfish Fleet",,,,,,
,,,,,,
# Conversation,,,,,,
jdp_penroseMaerulaGreeting,PickGreeting,"$id == jdp_maerula score:1000
$jdp_PRreturnHere","ShowPersonVisual
$player.jdp_metMaerula = true
FireAll jdp_penroseMaerulaOptions","After connecting to the local network, you enter the comms ID for Maerula, it quickly becomes clear that the strange, mesmerising fractal patterns will not resolve into anything more. This is all you will get, and it gives you the feeling of being watched.

After another moment, a heavily modulated voice speaks. ""$playerName. We have business to attend to, but I extend you the courtesy of initiating the conversation. Continue."" 

You see your sensors officer wrestling with their console in the corner of your vision, no doubt trying to reverse the modulation software.",,
jdp_penroseMaerulaGreetingFirst,DialogOptionSelected,"$option == jdp_penroseMaerulaGreetingFirst","$jdp_maerulaFirst = true
FireAll jdp_penroseMaerulaOptions","""Semantics, Captain, but I apologise,"" it does not sound genuine, even through the software distorting out any noticeable features. 

""To answer the unstated question, of course I know your name. You are an important player, $playerName, it is always important to know the up and coming warlords in my business."" 

""Mercenary work,"" the clarification seems immensely unnecessary.",,
jdp_penroseMaerulaGreetingFirstOption,jdp_penroseMaerulaOptions,"!$jdp_maerulaFirst",,,"jdp_penroseMaerulaGreetingFirst:""You took the first word, and it was my name.""",
jdp_penroseMaerulaGreetingStrangeOption,jdp_penroseMaerulaOptions,"!$jdp_maerulaStrange",,,"jdp_penroseMaerulaGreetingStrange:""Your compatriots are very strange.""",
jdp_penroseMaerulaGreetingStrange,DialogOptionSelected,"$option == jdp_penroseMaerulaGreetingStrange","$jdp_maerulaStrange = true
FireAll jdp_penroseMaerulaOptions","It's very difficult to intuit the digitised voice, but you suspect you have offended them. ""How do you mean? My flowers are beautifully cultivated, and supported by exceptional stakes. My outfit is second to none, and my Firsts are like family. They always smile.""

They pause, thinking. ""Regardless, this is not why you are here. Let us move on, before you upset me and spoil this opportunity.""",,
jdp_penroseMaerulaGreetingCopsOption,jdp_penroseMaerulaOptions,"!$jdp_maerulaCops",,,"jdp_penroseMaerulaGreetingCops:""I want full discretion, nobody can know.""",
jdp_penroseMaerulaGreetingCops,DialogOptionSelected,"$option == jdp_penroseMaerulaGreetingCops","$jdp_maerulaCops = true
FireAll jdp_penroseMaerulaOptions","The response is immediate ""Done."" 

""Captain, it may not be obvious to you, and other factions consider me and my flowers too small to fry, but this is my personal fiefdom. I am the law here, no-one will know about this project, and no-one will impose on my domain.""",,
jdp_penroseMaerulaGreetingKingOption,jdp_penroseMaerulaOptions,"$jdp_maerulaCops
!$jdp_maerulaKing ",,,"jdp_penroseMaerulaGreetingKing:""You pull the strings of the Fikenheld King, don't you?""",
jdp_penroseMaerulaGreetingKing,DialogOptionSelected,"$option == jdp_penroseMaerulaGreetingKing","$jdp_maerulaKing = true
FireAll jdp_penroseMaerulaOptions","You seem to have caught Maerula off guard. A slight and strange sound can be heard under the distortion of their software. ""It seems I underestimate you."" 

They take a moment to collect themselves. ""Know this, $playerName, the hearts of Westernesse are easily manipulated. People trust data too much, holo-dramas even more, I built my empire here for a reason."" 

""You will notice my affairs are absent from the local holo-dramas, that is no accident, perception is power, here more than anywhere else.""",,
jdp_penroseMaerulaGreetingFaceOption,jdp_penroseMaerulaOptions,"$jdp_maerulaCops 
$jdp_maerulaStrange
$jdp_maerulaFirst",,,"jdp_penroseMaerulaGreetingFace:""Why won't you show your face?""",
jdp_penroseMaerulaGreetingFace,DialogOptionSelected,"$option == jdp_penroseMaerulaGreetingFace",,"You hear a chuckle through the distortion. ""Simply put, hackers live longer by hiding their faces.""

""Some have seen my face, but you will not, Captain. This will not be negotiated.""","jdp_penroseMaerulaGreetingAI:""So you're an AI then?""",
jdp_penroseMaerulaGreetingAI,DialogOptionSelected,"$option == jdp_penroseMaerulaGreetingAI",,"You hear boredom in Merula's tone, you suspect they get this question a lot. ""I will not answer that Captain, and you should not be surprised at this response.""

""I am aware of the rumours around myself. I will not play into or discredit them. They are too useful to me in this metamorphic state.""

""Now, about our business, what is it you wish to discuss?""","jdp_penroseMaerulaGreetingFile:""I need a file decrypted.""
jdp_penroseMaerulaGreetingDeath:""Answer me, this file kills AI that read it!""",
jdp_penroseMaerulaGreetingFile,DialogOptionSelected,"$option == jdp_penroseMaerulaGreetingFile",,"Maerula is intrigued, but doesn't seem to fully understand the stakes, especially if they are an AI. ""What type of file? Why does it require the attention of myself, Captain?""

""Your own staff are not so inept they could not decrypt a file. There must be something special about it. I require more information if we are to proceed.""","jdp_penroseMaerulaGreetingDeath:""Opening it induced mind-death in an Alpha-level AI.""",
jdp_penroseMaerulaGreetingDeath,DialogOptionSelected,"$option == jdp_penroseMaerulaGreetingDeath","SetPersonHidden gargoyle false
AddTextSmall ""Received comms ID for Gargoyle"" highlight
$global.jdp_penroseHuntingGargoyle = true
","For the first time in the conversation, Maerula seems genuinely shocked. ""I understand, Captain. I am sorry, I can help you no further in this matter. Take that answer how you must,"" they stop for a moment, thinking.

""I see you still have the shell of your previous attempt in your possession,"" you go to ask how, but they simply keep talking. ""I have no use for it, but a friend of mine will appreciate it. Gargoyle will crack your file, the real Gargoyle, in exchange for the core. Sending comms ID now.

""They have residence on Port Tse, in Mayasura. They are profoundly self-centered, play on their ego, make this into a test, and you will not have to pay a credit. Be ready for them, and don't forget to smile.""","100:defaultLeave:Leave",
"#END Conversation",,,,,,
,,,,,,
# Gargoyle,,,,,,
jdp_penroseMaerulaGargoyleGreeting,PickGreeting,"$id == gargoyle
$jdp_PRreturnHere score:30000
!$global.gaKA_missionCompleted","ShowPersonVisual
$global.jdp_foundGargoylePR = true","After connecting to the local network, you enter the comms ID for Gargoyle then pause at the prompt to initiate the call. You look over to your comms officer and they nod, ready to act.

As soon as you execute the command, the electronic warfare console lights up like fleet action in a nebula. Comms wrangles the infosec systems with cool efficiency, coordinating active response with nav, sensors, and engineering stations. 

After perhaps half a minute the storm breaks, the alarms quiet, and your primary display resolves from a mesmerizing fractal battleground to a heavily augmented face grinning impishly.","jdp_penroseMaerulaGargoyleGreetingCont:Continue",
jdp_penroseMaerulaGargoyleGreetingCont,DialogOptionSelected,"$option == jdp_penroseMaerulaGargoyleGreetingCont",,"""You were ready for me!"" Gargoyle says too sweetly to be true before turning to an imagined audience, ""The rocket jockey put together enough brains to deal with my little 'hello'!"" Gargoyle bounces back and applauds, ""Well done!""

""So you know who I am. Tell me, why did Maerula give you my comms ID? She's not the type to make herself known to anyone. Oh! 'Her' might be a little secret! Sorry Mae!""

A thoughtful pause. ""Do you always make that face when you meet new people? Come on, smile for me! Mae would appreciate it! She loves smiles, a little too much really.""","jdp_penroseMaerulaGargoyleCont:""I have something interesting for you, Maerula said-""",
jdp_penroseMaerulaGargoyleCont,DialogOptionSelected,"$option == jdp_penroseMaerulaGargoyleCont",,"The hacker interrupts. ""Oh really now? How bold of you, Captain $playerFirstName, to presume to know what I would find interesting."" The Hacker lounges in their chair carelessly.

""Still, despite the insolence you have shown me I am intrigued, but who is this really for?"" they stop to think. 

""This isn't for Mae, she would just talk directly, behind her little butterfly mask of course. Arroyo would never come to talk directly, Zunya doesn't talk at all anymore..."" They smile, impish and proud.  ""It's for you, isn't it Captain? This is a personal project! What is it? Tell me!""","jdp_penroseMaerulaGargoyleCont2:""I want this file decrypted.""",
jdp_penroseMaerulaGargoyleCont2,DialogOptionSelected,"$option == jdp_penroseMaerulaGargoyleCont2",,"Gargoyle stares at you, bewildered, they do not even attempt to hide their disappointment. ""Captain, you're boring!"" they extend the syllable on boring like a petulant child. ""This is an awful first impression. Sell it to me more! You can take an encrypted file to anyone, why is this one worthy of the great Gargoyle's attention?""

The Hacker spins in their chair, rattling off question after question after question. ""What is the file? Where did it come from, what does it do? Why do you want it?"" 

""You're so direct, so artless, so bland. Lets start again, and make it fun this time! Don't worry, I won't tell, your agreement with Maerula extends to me.""","jdp_penroseMaerulaGargoyleMindDeath:""Opening it induced mind-death in an alpha-level AI.""",
jdp_penroseMaerulaGargoyleMindDeath,DialogOptionSelected,"$option == jdp_penroseMaerulaGargoyleMindDeath","FireAll jdp_penroseMaerulaGargoyleCoreOptions","""Now that is interesting! And you said it so intelligently too! Did one of your drones coach you beforehand? I already knew of course, the little butterfly in my ear says a lot of things to me, but it was nice to make you work for it!"" 

The Hacker puts on what could charitably be called 'an attempt' at mimicking your voice, exaggerating a nasal quality you hope isn't anything like what you really sound like. ""Want to prove you're smarter than an alpha-level AI, Gargoyle? I have a file that totally mind melted a guy and I want you to open it for me!""

They keep spinning in their chair. ""You know me too well Captain, I'm in! On one condition, I want the dead core."" they giggle unnervingly. ""Oh-ho I can have all kinds of fun with something like that!""",,
jdp_penroseMaerulaGargoyleOptionPayment,jdp_penrosMaerulaeGargoyleCoreOptions,"!$jdp_MaerulaGargoyleCorePayment",,,"jdp_penroseMaerulaGargoyleOptionPaymentCont:""Can't I just pay you normally?""",
jdp_penroseMaerulaGargoyleOptionPaymentCont,DialogOptionSelected,"$option == jdp_penroseMaerulaGargoyleOptionPaymentCont","$jdp_gargoyleMaerulaCorePayment = true
FireAll jdp_penroseGargoyleCoreOptions
","Gargoyle looks at you like you're an absolute moron. ""No. Because, Captain $playerFirstName,"" they decide to enunciate each word, the effect is immensely patronising. ""I. Want. The. Core.""

They continue ""I have plans for it, you don't. It's simple really, really simple. So simple once its explained you'll get it, I believe in you."" 

""Its useful to me, useless to you, and isn't something credits can buy. Therefore, now this is the important part so pay attention! It's a perfect bargaining chip for you! Give-it-to-me, and I'll decode the file.""",,
jdp_penroseMaerulaGargoyleOptionHow,jdp_penroseMaerulaGargoyleCoreOptions,"!$jdp_MaerulaGargoyleCoreHow",,,"jdp_penroseMaerulaGargoyleOptionHowCont:""How do you know I still have it?""",
jdp_penroseMaerulaGargoyleOptionHowCont,DialogOptionSelected,"$option == jdp_penroseMaerulaGargoyleOptionHowCont","$jdp_MaerulaGargoyleCoreHow = true
FireAll jdp_penroseMaerulaGargoyleCoreOptions
","""I know lots of things about you, Captain $playerFirstName. You're an important player, Mae thinks so too! You never know when someone might need to know where an important player is, or what wonderous treasures are in their cargo hold under 'Special Salvage'."" 

""But don't worry, $playerFirstName, all I want from you today is the core."" They see your expression. ""Captain! Do I think too much of you? Mae implied you were smarter than this. I'm a bit disappointed,"" they pout overdramatically.

You mime to your technology officer to do a full sweep of the $shipOrFleets systems once this conversation is over.

""I saw that! You naughty Captain you! Don't worry, I don't take offence, it will be much more fun now you're fighting back!""",,
jdp_penroseMaerulaGargoyleOptionFace,jdp_penroseMaerulaGargoyleCoreOptions,"!$jdp_MaerulaGargoyleCoreFace",,,"jdp_penroseMaerulaGargoyleOptionFaceCont:""Why don't you hide your face?""",
jdp_penroseMaerulaGargoyleOptionFaceCont,DialogOptionSelected,"$option == jdp_penroseMaerulaGargoyleOptionFaceCont","$jdp_MaerulaGargoyleCoreFace = true
FireAll jdp_penroseMaerulaGargoyleCoreOptions
","The hacker bursts into hysterics. ""Oh Captain! She really got to you huh! Hackers live longer by hiding their faces!"" they laugh through their hand, a vague attempt to mimic Maerula's distortion software.

""She hides her face because she's awkward, Captain! It allows her to control the flow of conversation, of information. Unlike my dear Mae, I have the effective raw charisma to control a conversation with merely my dashing good looks and impeccable sense of humour. I have no need for such a mask.""

Their tone turns serious. ""I don't have a kingdom to rule, but enough pretenders to my title exist to sow doubt about my physical appearance.""",,
jdp_penroseMaerulaGargoyleOptionMae,jdp_penroseMaerulaGargoyleCoreOptions,"!$jdp_MaerulaGargoyleCoreMae",,,"jdp_penroseMaerulaGargoyleOptionMaeCont:""Actually, playing your ego was Maerula's plan.""",
jdp_penroseMaerulaGargoyleOptionMaeCont,DialogOptionSelected,"$option == jdp_penroseMaerulaGargoyleOptionMaeCont","$jdp_MaerulaGargoyleCoreMae = true
FireAll jdp_penroseMaerulaGargoyleCoreOptions
","They sigh dramatically, ""It seems I give you too much credit then, Captain. I hereby apologise, and shall reduce my opinion of you accordingly.""

""It seems I value my friendship with Mae too little aswell. She's put real effort into figuring me out, I'm surprised she actually understands what makes me tick!"" the hacker smiles.

They seem to think for a moment. ""I didn't think she had the emotional intelligence for such a long time. She prunes her little flowers, but I don't think she understands what its like to talk to another person without her mask.""",,
jdp_penroseMaerulaGargoyleOptionAccept,jdp_penroseMaerulaGargoyleCoreOptions,,,,"jdp_penroseMaerulaGargoyleOptionAcceptCont:Have the core transferred.",
jdp_penroseMaerulaGargoyleOptionAcceptCont,DialogOptionSelected,"$option == jdp_penroseMaerulaGargoyleOptionAcceptCont","AddRemoveAnyItem SPECIAL jdp_dead_alpha -1","Your quartermaster has a cargo team load Pendragon's dead core onto a shuttle slaved to Gargoyle's control. Once the crew are off the shuttle it leaves your cargo bay and goes dark. ""No peaking!"" The hacker exclaims, wagging a finger. As their hand waves past the holo-recorder you notice one of the many interface nodules embedded in their skin is in use, connected by a cable to something out of view, likely the control for the shuttle. 

It seems useless to even try tracing the signal or the shuttle, Gargoyle is probably in your sensor systems and obfuscating any actionable data anyway. You opt to simply wait. A few minutes later the shuttle returns empty and you order a sweep of its systems.

""Now that that's settled, its time for my part of the deal! Where did this file come from anyway?""","jdp_penroseMaerulaGargoyleDecrypt:""Omega, seemingly. Transferring by comm-link now.""",
jdp_penroseMaerulaGargoyleDecrypt,DialogOptionSelected,"$option == jdp_penroseMaerulaGargoyleDecrypt",,"Gargoyle seems ecstatic, you get a strange feeling of deja vu. ""I love it! A glorious test!"" 

They ramp up their dramatic flair to the maximum, seems its storytime. ""There's lots of salvagers logs detailing conversations with the Remnants, those unexploded mines of sentient beings. They ask for the same thing every time, over and over and over and over calling out for mommy Omega. Nobody ever knows what they're talking about but they ask anyway, the fruitcakes, imagine having so little self awareness,"" they wink.

""Some interesting Tri-tachyon memos have very dramatic things to say about this 'machine god', the Luddies do too. Talking about it is the only time those bloodsuckers and morons ever do anything fun!"" Gargoyle pauses, their comms display is quickly crowded out by a stream of encrypted data and a moment later reference panels, code snippets and visualised lists.","jdp_penroseMaerulaGargoylePossible:""Is it possible?""
jdp_penroseMaerulaGargoyleTime:""How long will it take?""",
jdp_penroseMaerulaGargoylePossible,DialogOptionSelected,"$option == jdp_penroseMaerulaGargoylePossible",,"They mimic your voice again, ""is it possible?"" 

""Of course its possible! You've brought it to me, I will make it possible! Captain $playerFirstName, cracking this very well might be the greatest challenge I will ever face, anyone, will ever face! It will be magnificent, a beautiful puzzle, cracking the Fractal Theorem. A test of faith if you will, from our Lord Omega,"" they chuckle to themselves idly. 

""Go down to the bar, I hear they have excellent cocktails,"" they laugh, enjoying a joke you aren't privy to. ""I'll be done in a few hours, call you back!"" They extend the syllable on back, it rings on your ears slightly","jdp_penroseMaerulaGargoyleHangUp:""I'm sorry, what-""",
jdp_penroseMaerulaGargoyleTime,DialogOptionSelected,"$option == jdp_penroseMaerulaGargoyleTime",,"""A few hours at most, cause you've brought it to me. It will go faster with me than anyone else. Captain $playerFirstName, cracking this very well might be the greatest challenge I will ever face, anyone, will ever face! It will be magnificent, a beautiful puzzle, cracking the Fractal Theorem. A test of faith if you will, from our Lord Omega,"" they chuckle to themselves idly. 

""Go down to the bar, I hear they have excellent cocktails,"" they laugh, enjoying a joke you aren't privy to. ""I'll be done in a few hours, call you back!"" They extend the syllable on back, it rings on your ears slightly","jdp_penroseMaerulaGargoyleHangUp:""I'm sorry, what-""",
jdp_penroseMaerulaGargoyleHangUp,DialogOptionSelected,"$option == jdp_penroseMaerulaGargoyleHangUp","ShowPersonVisual false jdp_deadcomm","They cut the commlink without warning. You couldn't really see Gargoyle past the visual noise of their notes and instances regardless, but its still very rude.","1:jdp_penroseMaerulaGargoyleCallBack:Call Gargoyle back.
2:jdp_penroseMaerulaGargoyleStall:Find something to pass the time.
3:jdp_penroseMaerulaGargoyleVoice:""Do I really sound like that?""",
jdp_penroseMaerulaGargoyleVoice,DialogOptionSelected,"$option == jdp_penroseMaerulaGargoyleVoice",,"Your comms officer snickers. ""Not at all Captain, not at all.""

You overhear some of the junior officers at the farthest station try their hand at impersonating your voice, it seems petty to call them on it.","0:jdp_penroseMaerulaGargoyleCallBack:Call Gargoyle back.
1:jdp_penroseMaerulaGargoyleStall:Find something to pass the time.
",
jdp_penroseMaerulaGargoyleCallBack,DialogOptionSelected,"$option == jdp_penroseMaerulaGargoyleCallBack","$jdp_penroseMaerulaCalledGargoyleBack = true
ShowPersonVisual false gargoyle","Gargoyle answers the commlink with a groan. ""What do you want? Just let me do what you asked in peace.""

""Mae didn't say you would be such a nag,"" they murmur.","0:jdp_penroseMaerulaGargoyleCallBackDeath:""The last thing I asked to do this died!""
1:jdp_penroseMaerulaGargoyleCallOwed:""I'm entitled to be informed of your progress.""",
jdp_penroseMaerulaGargoyleCallBackDeath,DialogOptionSelected,"$option == jdp_penroseMaerulaGargoyleCallBackDeath",,"The Hacker coos, ""Aw! Captain $playerFirstName, you do care! Don't you worry your empty little head about me Captain, I'm much more resilient than our friend here,"" they motion behind them, presumably in the vague direction of Ochre Pendragon's core. 

""Smarter too!"" They add, cheerfully. ""I'll win against this mind-blasting program, don't despair. Now get put of my feed so I can actually do it."" Gargoyle turns deadly serious, ""I won't start working until you cut this link.""","jdp_penroseMaerulaGargoyleCallWhy:""Why can't I watch you work?""",
jdp_penroseMaerulaGargoyleCallOwed,DialogOptionSelected,"$option == jdp_penroseMaerulaGargoyleCallOwed",,"""No, you aren't, Captain,"" they sigh theatrically. ""The youth of today just can't be patient. Its sad really, to see how we've poisoned them."" Gargoyle looks into the holo-recorder wistfully, and waves their hand to deactivate the visual assault of notes and code snippets.

""You aren't paying me. I owe you nothing but the data once I'm done. I won't start working until you leave this call. Go slag an asteroid with one of your big boy toys or something.""","jdp_penroseMaerulaGargoyleCallWhy:""Why can't I watch you work?""",
jdp_penroseMaerulaGargoyleCallWhy,DialogOptionSelected,"$option == jdp_penroseMaerulaGargoyleCallWhy",,"""Because I don't want you to!"" they sigh dramatically. ""It really is that simple!""

Gargoyle smiles slightly. ""I know! I'll just remove my ID from your comms! I'll open a connection when I crack the file $playerFirstName. Bye!"" they extend the last syllable of bye as they dramatically cut the commlink.","jdp_penroseMaerulaGargoyleStall:Find something to pass the time.",
jdp_penroseMaerulaGargoyleStall,DialogOptionSelected,"$option == jdp_penroseMaerulaGargoyleStall","HideVisual
FireAll jdp_penroseMaerulaGargoyleWaitOption","Gargoryle is a living legend, they've probably got this covered. Hopefully. All that remains is to decide what to do with the next few hours.","jdp_penroseMaerulaGargoyleStallCont:Take a shuttle down to the station.",
jdp_penroseMaerulaGargoyleStallCont,DialogOptionSelected,"$option == jdp_penroseMaerulaGargoyleStallCont","ShowImageVisual ""space_bar""","After waiting for around a minute an automated vid-feed replaces the docking queue tracker, presenting a tacky holo-drama you don't recognise. Sensors recoils and shuts it off immediately. ""I'm not paying for that rubbish at Tri-tachyon prices, not for the next however long"" they explain. 

Your request to the docking queue is approved after around an hour.

Bereft of options on Port Tse, you elect to visit Level 25 with your senior bridge staff. Supposedly it has the 'finest cocktails in the local volume'. That claim being the only thing you know about the station other than the rampant sanctioned criminality.","jdp_penroseMaerulaGargoyleStallCont2:Enter Level 25",
jdp_penroseMaerulaGargoyleStallCont2,DialogOptionSelected,"$option == jdp_penroseMaerulaGargoyleStallCont2","ShowImageVisual ""tritachyon_bar""","Confusingly, Level 25 is actually on level 22 of the station, at least under standard naming convention of decks and sub-decks. One of your officers, just as confused, queries a datapad and chuckles a moment later. ""According to this, $PlayerSirOrMadam, it was on level 25 until around 5 cycles ago. Some kind of gang war blew out levels 12-15. When it wasn't deemed profitable to fix, they just removed what remained and made 11 into one big level, classic Tachies.""

The lounge is adorned on all surfaces in richly gilt geometrics; black marble columns underlit by cool light-tubes seem to hang effortlessly in the air. An immensely tacky sign for Level 25 looms overhead and a moment later you notice many, many more. 

It seems every table gets a complimentary sign, the power of branding.","jdp_penroseMaerulaGargoyleDrink:Order a round for you and your staff.
jdp_penroseMaerulaGargoyleNoDrink:Order a round for your staff, but not yourself.",
jdp_penroseMaerulaGargoyleDrink,DialogOptionSelected,"$option == jdp_penroseMaerulaGargoyleDrink","AddCredits -20","You order a round for you and your senior bridge staff at the bar, costing an exorbitant 20 credits once the variety of service fees have been deducted. ""Just for drinks?"" your quartermaster asks, appalled. ""Leave me out Captain, I'll drink when we get back to the ship if that's what it will cost."" 

You take a small booth to yourselves, sitting beneath yet another abysmal Level 25 sign. After a few moments, multiple immensely implausible looking cocktails make their way before you by automated waiting drones, each with a vaguely countercultural name that is profoundly meaningless coming from a subsidiary of the Tri-Tachyon corporation.

Your armourer takes a sip from their 'Corrective Action' and pulls a face, clearly disgusted, and then takes another regardless. You place a 'Share Spike' to your lips and find it mediocre at best.","jdp_penroseMaerulaGargoyleFlowerfish:""Tactical, why leave Flowerfish?""
jdp_penroseMaerulaGargoyleSmalltalk:Make small-talk.",
jdp_penroseMaerulaGargoyleNoDrink,DialogOptionSelected,"$option == jdp_penroseMaerulaGargoyleNoDrink","AddCredits -20","You order a round for your senior bridge staff at the bar, costing an exorbitant 20 credits once the variety of service fees have been deducted. ""Just for drinks?"" your quartermaster asks, appalled. ""Leave me out Captain, I'll drink when we get back to the ship if that's what it will cost.""
 
You take a small booth to yourselves, sitting beneath yet another abysmal Level 25 sign. After a few moments, multiple immensely implausible looking cocktails make their way before you by automated waiting drones, each with a vaguely countercultural name that is profoundly meaningless coming from a subsidiary of the Tri-Tachyon corporation.

Your armourer takes a sip from their 'Corrective Action' and pulls a face, clearly disgusted, and then takes another regardless. This kind of irrationality is why you don't drink.","jdp_penroseMaerulaGargoyleFlowerfish:""Tactical, why leave Flowerfish?""
jdp_penroseMaerulaGargoyleSmalltalk:Make small-talk.",
jdp_penroseMaerulaGargoyleFlowerfish,DialogOptionSelected,"$option == jdp_penroseMaerulaGargoyleFlowerfish","SetTextHighlights ""Your datapad chimes cheerfully.""","""I don't really want to talk about this,"" comes quietly, but after some light jeering from your staff they continue. ""They were like a family to me, $PlayerSirOrMadam. They took me in when no-one else would. I owe my skillset to them, the skills you pay me for. I still think of them as family, just estranged.""

They slow slightly, maybe thinking, maybe drunk. ""For someone who never shows their face, Maerula sure was hands on in their leadership. It was as if they were everwhere at once. Flowerfish are well regarded, so most people never graduate,"" they concede. ""I just personally found that kind of leadership suffocating.""

""I left on amiable terms, as you could probably tell from the services rendered, but I did leave. They're a mercenary outfit, not a cult, so they let me leave, but-""

Your datapad chimes cheerfully.

Tactical motions for you to check the notification, thankful for the out.","jdp_penroseMaerulaGargoyleReturn:Check your datapad.",
jdp_penroseMaerulaGargoyleSmalltalk,DialogOptionSelected,"$option == jdp_penroseMaerulaGargoyleSmalltalk","SetTextHighlights ""Your datapad chimes cheerfully.""","Asking about your tactical officers history with Flowerfish would be impolite, and potentially a breach of the confidentiality clause of their contract if done publicly. 

You instead elect to simply make small-talk with your bridge staff, trading more lighthearted stories than their potential history in a mercenary cult. After a few ""Severence Packages"" your electronics chief gets slightly heated, it seems they are the type to get angry when drunk. ""Y'know, I don't think you guys really appreciate me!"" they slur between sips of the blood red drink. 

""Captain!"" comes a mocking salute. ""When was the last time you called on me, for anything!"" they seemingly sober up and dampen at the same time. ""I guess being an electronics chief is too specific to ever be worthwhile. If I left, would you even notice? I mean really notice-""

Your datapad chimes cheerfully.","jdp_penroseMaerulaGargoyleReturn:Check your datapad.",
jdp_penroseMaerulaGargoyleReturn,DialogOptionSelected,"$option == jdp_penroseMaerulaGargoyleReturn",,"A message from Gargoyle containing a positional marker pulses in red. You didn't know that was a feature, maybe its a Gargoyle original. 

The delta-level AI estimates the walk to [DATE NIGHT], another of Gargoyle's jokes you presume, will take 15 minutes at average walking pace from your current location. 

You leave your bridge staff to their mediocre drinks and peel off some of your guards, leaving some behind to ensure both you and your staff are adequately escorted.","jdp_penroseMaerulaGargoyleReturnCont:Follow Gargoyle's marker.",
jdp_penroseMaerulaGargoyleReturnCont,DialogOptionSelected,"$option == jdp_penroseMaerulaGargoyleReturnCont","ShowImageVisual ""space_bar""","Gargoyle, ever the social creature, seemingly has their apartment buried in the proverbial guts of the station. 

Your station map chirpily informs you that you will need to pass through multiple districts considered to be 'dangerous' on your journey, and politely suggests that reaching your destination may be infeasible. 

Despite this warning the journey is mostly uneventful. You suspect guards convey a sense of importance, legitimacy or perhaps simply carry more guns than the average station gang. Regardless of the reason, you pass without complaint. You move through the uncharacteristically tall level 11 quickly, knowing its origin, and within a few minutes you find yourself at the door to Gargoyle's apartment.","jdp_penroseMaerulaGargoyleReturnKnock:Knock on the door?",
jdp_penroseMaerulaGargoyleReturnKnock,DialogOptionSelected,"$option == jdp_penroseMaerulaGargoyleReturnKnock","ShowPersonVisual
","You motion to knock on the door, intending to perform a rhythmic pattern known to all spacers that can carry long distances with minimal exertion. 

The moment before your hand connects with the metal of the actuated door it slides open, revealing the impish face of Gargoyle and causing your hand to flail pathetically against nothing.

""Captain!"" Gargoyle whines, ""you left me waiting so long! Is that how you treat someone on a first date? And I even brought you flowers."" 

""Its okay, I forgive you. Come in, come in! We wouldn't want salacious rumours to spread, would we Captain!""","jdp_penroseMaerulaGargoyleReturnDirect:""You have the data?""",
jdp_penroseMaerulaGargoyleReturnDirect,DialogOptionSelected,"$option == jdp_penroseMaerulaGargoyleReturnDirect",,"""Yes Captain $playerFirstName, I have the data,"" the Hacker confirms, ""crypto fully cracked, like an egg, delicious yolk extracted right there,"" they point to a secure datacore on the floor next to their chair.

""It fried some of my implants but I got it done, it was a glorious challenge!"" you didn't notice until Gargoyle pointed it out, but some of their dermal implants have been replaced with what you recognise to be older models. 

Gargoyle shrugs at your balking expression, ""that's not important, I won't charge you. Now! Lets talk about the results."" ","jdp_penroseMaerulaGargoyleReturnPenrose:Continue",
jdp_penroseMaerulaGargoyleReturnPenrose,DialogOptionSelected,"$option == jdp_penroseMaerulaGargoyleReturnPenrose",,"Gargoyle bows, ""I proudly present. Drum-roll please-"" a dramatic flick of their wrist causes speakers around the room to start up, building tension. 

""I just can't wait! Ooooh this is so fun!"" Gargiyle bounces from foot to foot, failing to contain their excitement ""Ladies, gentlemen and those like myself, I am thrilled to bring you-"" they pause for effect. ""The Penrose-class Tesseron Fleetkiller!"" with a snap of their fingers a holo-projection fills the room, detailed blueprints for the Penrose. ""Courtesy of our friends at Omega Godship Dynamics Limited.""

Gargoyle smiles, satisfied with the dramatic flair they supplied, ""you're dealing with some incredible stuff, Captain $playerFirstName, I have no idea what substance this is, let alone how you would get this much of it.""","jdp_penroseMaerulaGargoyleReturnPenroseCont:""I have a source.""",
jdp_penroseMaerulaGargoyleReturnPenroseCont,DialogOptionSelected,"$option == jdp_penroseMaerulaGargoyleReturnPenroseCont",,"The hacker drops the act entirely, ""I thought as much,"" comes deadpan, ""you just became much more interesting Captain, much more interesting indeed."" 

They mime sealing their lips, ""nobody will hear about this from me. Although I am keeping a copy-"" they notice your expression and quickly move on. ""Oooooh look at this!"" Gargoyle gesticulates wildly. To your eyes they move randomly, but the computer interprets the motion and enhances part of the holo-projection, enlarging it so that a room of the ship appears overlaid on Gargoyle's apartment. 

The architecture is strange and unnatural, the walls jagged and harsh, but at least this confirms the ship has an interior to explore at all. ","jdp_penroseMaerulaGargoyleReturnPenroseCont2:""What am I looking at here?""",
jdp_penroseMaerulaGargoyleReturnPenroseCont2,DialogOptionSelected,"$option == jdp_penroseMaerulaGargoyleReturnPenroseCont2",,"Gargoyle looks smug, ""weren't coached on this huh? Well, Captain, let me elucidate. I cracked into a Tachie data-vault a few cycles ago, very easy, I don't think they even knew it was there,"" Gargoyle rolls their head back, ""it was very dull. But useful!"" 

""Found lots of very interesting diagrams on their drone fleet in there, and what I saw makes me very interested in this little guy,"" the hacker points to a holographic object behind them, ""that, my dear Captain, is an AI Core Cradlle. If whatever Omega is has a soul, it lives in that room.""","jdp_penroseMaerulaGargoyleReturnPenroseCont3:Continue",
jdp_penroseMaerulaGargoyleReturnPenroseCont3,DialogOptionSelected,"$option == jdp_penroseMaerulaGargoyleReturnPenroseCont3","SetPersonHidden gargoyle true
SetTextHighlights ""Recovered - Penrose-class Specifications""
$global.jdp_penroseHasData = true","They crouch down to pick up the datacore, tossing it to you underarm. ""Well, Captain $playerFirstName, I suspect you have a new quest,"" Gargoyle's arms cross with a satisfied look, ""I think I'll be seeing you on the Holo-feeds when people find out about this project, so go have fun!""

Their tone shifts slightly. ""Now get out of my house! I have a new toy to play with! Oh, and you aren't keeping this comms ID. Bring a sponsor next time!""

Recovered - Penrose-class Specifications","100:defaultLeave:Leave",
"#END Gargoyle",,,,,,
"#END Maerula Route",,,,,,
,,,,,,
# Gargoyle Route,,,,,,
jdp_penroseGargoyleGreeting,PickGreeting,"$id == gargoyle
$jdp_PRreturnHere score:30000
$global.gaKA_missionCompleted","ShowPersonVisual","You enter the ID, hand hovering over a glowing 'confirm' sigil. Your comms officer nods, ready to respond to whatever surprises Gargoyle thinks would be amusing to send through the link this time.

The display resolves from a mesmerizing fractal battleground to a familiar face grinning impishly at you. ""Ah, $playerFirstName! Are you back to find something interesting to do? I've got all sorts of wonderful ideas.""","jdp_penroseGargoyleCont:""Actually, I have something interesting for you instead.""",
jdp_penroseGargoyleCont,DialogOptionSelected,"$option == jdp_penroseGargoyleCont",,"""Oh really now? How bold of you, Captain $playerFirstName, to presume to know what I would find interesting."" The Hacker lounges in a chair in their... Office? When did Baird give Gargoyle an office? Maybe they got that teaching position afterall.

""Still, despite the insolence you have shown me I am intrigued, but who is this really for?"" they stop to think. 

""Baird would just talk directly, Arroyo would never come to talk directly, Zunya doesn't talk at all anymore..."" They smile, impish and proud.  ""It's for you, isn't it Captain? This is a personal project! Ooh I never thought I would see such agency from my favourite distraction. What is it? Tell me!""","jdp_penroseGargoyleCont2:""I want this file decrypted.""",
jdp_penroseGargoyleCont2,DialogOptionSelected,"$option == jdp_penroseGargoyleCont2",,"Gargoyle stares at you, bewildered, they do not even attempt to hide their disappointment. ""Captain, you're boring!"" they extend the syllable on boring like a petulant child. ""Sell it to me more! You can take an encrypted file to anyone, why is this one worthy of the great Gargoyle's attention?""

The Hacker spins in their chair, rattling off question after question after question. ""What is the file? Where did it come from, what does it do? Why do you want it?"" 

""You're so direct, so artless, so bland. Lets start again, and make it fun this time!""","jdp_penroseGargoyleMindDeath:""Opening it induced mind-death in an alpha-level AI.""",
jdp_penroseGargoyleMindDeath,DialogOptionSelected,"$option == jdp_penroseGargoyleMindDeath","FireAll jdp_penroseGargoyleCoreOptions","""Now that is interesting! And you said it so intelligently too! Did one of your drones coach you beforehand? No doubt you planned to play on my ego too."" 

The Hacker puts on what could charitably be called 'an attempt' at mimicking your voice, exaggerating a nasal quality you hope isn't anything like what you really sound like. ""Want to prove you're smarter than an alpha-level AI, Gargoyle? I have a file that totally mind melted a guy and I want you to open it for me!""

They keep spinning in their chair. ""You know me too well Captain, I'm in! On one condition, I want the dead core."" they giggle unnervingly. ""Oh-ho I can have all kinds of fun with something like that!""",,
jdp_penroseGargoyleOptionPayment,jdp_penroseGargoyleCoreOptions,"!$jdp_gargoyleCorePayment",,,"jdp_penroseGargoyleOptionPaymentCont:""Can't I just pay you normally?""",
jdp_penroseGargoyleOptionPaymentCont,DialogOptionSelected,"$option == jdp_penroseGargoyleOptionPaymentCont","$jdp_gargoyleCorePayment = true
FireAll jdp_penroseGargoyleCoreOptions
","Gargoyle looks at you like you're an absolute moron. ""No. Because, Captain $playerFirstName,"" they decide to enunciate each word, the effect is immensely patronising. ""I. Want. The. Core.""

They continue ""I have plans for it, you don't. It's simple really, really simple. So simple once its explained you'll get it, I believe in you."" 

""Its useful to me, useless to you, and isn't something credits can buy. Therefore, now this is the important part so pay attention! It's a perfect bargaining chip for you! Give-it-to-me, and I'll decode the file.""",,
jdp_penroseGargoyleOptionHow,jdp_penroseGargoyleCoreOptions,"!$jdp_gargoyleCoreHow",,,"jdp_penroseGargoyleOptionHowCont:""How do you know I still have it?""",
jdp_penroseGargoyleOptionHowCont,DialogOptionSelected,"$option == jdp_penroseGargoyleOptionHowCont","$jdp_gargoyleCoreHow = true
FireAll jdp_penroseGargoyleCoreOptions
","""I know lots of things about you, Captain $playerFirstName. You're an important player, more important than Daud, Baird, Sun, and anyone else in my eyes! And you never know when someone might need to know where an important player is, or what wonderous treasures are in their cargo hold under 'Special Salvage'."" 

""But don't worry, $playerFirstName, all I want from you today is the core."" They see your expression. ""Captain! Do I think too much of you? You know I trace your accounts, you should have expected this!"" they motion seal their lips. ""I won't tell a soul about this blunder on your part.""

You mime to your technology officer to do a full sweep of the $shipOrFleets systems once this conversation is over.

""I saw that! You naughty Captain you! Don't worry, I don't take offence, it will be much more fun now you're fighting back!""",,
jdp_penroseGargoyleOptionHegemony,jdp_penroseGargoyleCoreOptions,"!$jdp_gargoyleCoreHegemony",,,"jdp_penroseGargoyleOptionHegemonyCont:""The Hegemony can't find out about this, or anyone.""",
jdp_penroseGargoyleOptionHegemonyCont,DialogOptionSelected,"$option == jdp_penroseGargoyleOptionHegemonyCont","$jdp_gargoyleCoreHegemony = true
FireAll jdp_penroseGargoyleCoreOptions
","They sigh dramatically, ""Now that I 'work here' and have an 'official contract' and need to 'pay taxes' I hear from the Hegemony quite a lot. The only reason I haven't thrown myself into one of the experimental micro-singularities four floors down is because I get to mess with the bumbling morons they send. They don't even know who I am! Me, the real Gargoyle!"" Gargoyle spins in their chair.

They continue, slightly more serious. ""It's by my design of course, but it is funny how blindly they trust Domain Ident Chips. The Domain has been gone for hundreds of years you goons! No way that system is getting patches,"" they make a noise like they remembered something funny. ""And that tax return calculator they have - oh boy, I became the best paid Academician here once I found out about that.""

""No. Nobody will find about about this, Captain $playerFirstName. This commlink isn't even going through the Academy system, as far as everyone else is concerned you're on a date with Alviss.""",,
jdp_penroseGargoyleOptionAccept,jdp_penroseGargoyleCoreOptions,,,,"jdp_penroseGargoyleOptionAcceptCont:Have the core transferred.",
jdp_penroseGargoyleOptionAcceptCont,DialogOptionSelected,"$option == jdp_penroseGargoyleOptionAcceptCont","AddRemoveAnyItem SPECIAL jdp_dead_alpha -1","Your quartermaster has a cargo team load Pendragon's dead core onto a shuttle slaved to Gargoyle's control. Once the crew are off the shuttle it leaves your cargo bay and goes dark. ""No peaking!"" The hacker exclaims, wagging a finger. As their hand waves past the holo-recorder you notice one of the many interface nodules embedded in their skin is in use, connected by a cable to something out of view, likely the control for the shuttle. 

It seems useless to even try tracing the signal or the shuttle, Gargoyle is probably in your sensor systems and obfuscating any actionable data anyway. You opt to simply wait. A few minutes later the shuttle returns empty and you order a sweep of its systems.

""Now that that's settled, its time for my part of the deal! Where did this file come from anyway?""","jdp_penroseGargoyleDecrypt:""Omega, seemingly. Transferring by comm-link now.""",
jdp_penroseGargoyleDecrypt,DialogOptionSelected,"$option == jdp_penroseGargoyleDecrypt",,"Gargoyle seems ecstatic, you get a strange feeling of deja vu. ""I love it! A glorious test!"" 

They ramp up their dramatic flair to the maximum, seems its storytime. ""There's lots of salvagers logs detailing conversations with the Remnants, those unexploded mines of sentient beings. They ask for the same thing every time, over and over and over and over calling out for mommy Omega. Nobody ever knows what they're talking about but they ask anyway, the fruitcakes, imagine having so little self awareness,"" they wink.

""Some interesting Tri-tachyon memos have very dramatic things to say about this 'machine god', the Luddies do too. Talking about it is the only time those bloodsuckers and morons ever do anything fun!"" Gargoyle pauses, their comms display is quickly crowded out by a stream of encrypted data and a moment later reference panels, code snippets and visualised lists.","jdp_penroseGargoylePossible:""Is it possible?""
jdp_penroseGargoyleTime:""How long will it take?""",
jdp_penroseGargoylePossible,DialogOptionSelected,"$option == jdp_penroseGargoylePossible",,"They mimic your voice again, ""is it possible?"" 

""Of course its possible! You've brought it to me, I will make it possible! Captain $playerFirstName, cracking this very well might be the greatest challenge I will ever face, anyone, will ever face! It will be magnificent, a beautiful puzzle, cracking the Fractal Theorem. A test of faith if you will, from our Lord Omega,"" they chuckle to themselves idly. 

""Go attend a lecture, learn something so that you don't need to be coached on smart talk next time, I'll be done in a few hours, call you back!"" They extend the syllable on back, it rings on your ears slightly","0:jdp_penroseGargoyleHangUp:""I'm sorry, what-""",
jdp_penroseGargoyleTime,DialogOptionSelected,"$option == jdp_penroseGargoyleTime",,"""A few hours at most, cause you've brought it to me. It will go faster with me than anyone else. Captain $playerFirstName, cracking this very well might be the greatest challenge I will ever face, anyone, will ever face! It will be magnificent, a beautiful puzzle, cracking the Fractal Theorem. A test of faith if you will, from our Lord Omega,"" they chuckle to themselves idly. 

""Go attend a lecture, learn something so that you don't need to be coached on smart talk next time, I'll be done in a few hours, call you back!"" They extend the syllable on back, it rings on your ears slightly","0:jdp_penroseGargoyleHangUp:""I'm sorry, what-""",
jdp_penroseGargoyleHangUp,DialogOptionSelected,"$option == jdp_penroseGargoyleHangUp","ShowPersonVisual false jdp_deadcomm","They cut the commlink without warning. You couldn't really see Gargoyle past the visual noise of their notes and instances regardless, but its still very rude.","1:jdp_penroseGargoyleCallBack:Call Gargoyle back.
2:jdp_penroseGargoyleStall:Find something to pass the time.
3:jdp_penroseGargoyleVoice:""Do I really sound like that?""",
jdp_penroseGargoyleVoice,DialogOptionSelected,"$option == jdp_penroseGargoyleVoice",,"Your comms officer snickers. ""Not at all Captain, not at all.""

You overhear some of the junior officers at the farthest station try their hand at impersonating your voice, it seems petty to call them on it.","0:jdp_penroseGargoyleCallBack:Call Gargoyle back.
1:jdp_penroseGargoyleStall:Find something to pass the time.
",
jdp_penroseGargoyleCallBack,DialogOptionSelected,"$option == jdp_penroseGargoyleCallBack","$jdp_penroseCalledGargoyleBack = true
ShowPersonVisual false gargoyle","Gargoyle answers the commlink with a groan. ""What do you want? Just let me do what you asked in peace.""

""You didn't bug me like this about the Archive,"" they murmur.","0:jdp_penroseGargoyleCallBackDeath:""The last thing I asked to do this died!""
1:jdp_penroseGargoyleCallOwed:""I'm entitled to be informed of your progress.""",
jdp_penroseGargoyleCallBackDeath,DialogOptionSelected,"$option == jdp_penroseGargoyleCallBackDeath",,"The Hacker coos, ""Aw! Captain $playerFirstName, you do care! Don't you worry your empty little head about me Captain, I'm much more resilient than our friend here,"" they motion behind them, presumably in the vague direction of Ochre Pendragon's core. 

""Smarter too!"" They add, cheerfully. ""I'll win against this mind-blasting program, don't despair. Now get put of my feed so I can actually do it."" Gargoyle turns deadly serious, ""I won't start working until you cut this link.""","jdp_penroseGargoyleCallWhy:""Why can't I watch you work?""",
jdp_penroseGargoyleCallOwed,DialogOptionSelected,"$option == jdp_penroseGargoyleCallOwed",,"""No, you aren't, Captain,"" they sigh theatrically. ""The youth of today just can't be patient. Its sad really, to see how we've poisoned them."" Gargoyle looks into the holo-recorder wistfully, and waves their hand to deactivate the visual assault of notes and code snippets.

""You aren't paying me. I owe you nothing but the data once I'm done. I won't start working until you leave this call. Go hang out with Alviss or something.""","jdp_penroseGargoyleCallWhy:""Why can't I watch you work?""",
jdp_penroseGargoyleCallWhy,DialogOptionSelected,"$option == jdp_penroseGargoyleCallWhy",,"""Because I have enough people studying my work now that I work at an academy!"" Gargoyle exclaims, exasperated.

""I miss not having to talk people through what I'm doing!"" they pout a little. ""I just want to get lost in the problem solving for a bit! Its fun to gloat sometimes but its boring me now. Go away!"" 

Gargoyle smiles slightly. ""I know! I'll just remove my ID from your comms! I'll open a connection when I crack the file $playerFirstName. Bye!"" they extend the last syllable of bye as they dramatically cut the commlink.","jdp_penroseGargoyleStall:Find something to pass the time.",
jdp_penroseGargoyleStall,DialogOptionSelected,"$option == jdp_penroseGargoyleStall","HideVisual","Rayan Arroyo taught you to always push back against Gargoyle, but that was in reference to The Gargoyle, a freewheeling hacker of legend. Its hard to tell if that person still exists, they work for an academic institution now, with an office and a contract. The old Gargoyle would rather die than work a day in their life, although you suspect that might not have been entirely serious. You idly wonder to what extent the new environment has actually changed them.

Regardless, you've dealt with Gargoryle enough to know that they'll get the job done, all that remains is to decide what to do with the next few hours.","jdp_penroseGargoyleStallCont:Take a shuttle down to the station.",
jdp_penroseGargoyleStallCont,DialogOptionSelected,"$option == jdp_penroseGargoyleStallCont","ShowImageVisual ""galatia_academy""
FireAll jdp_penroseGargoyleWaitOption","Your comms officer helpfully mutes the chirpy, automated vid-feed presenting a bowdlerized history of the Galatia Academy, likely recoiling at the idea of listening to it on loop for the next however long. Your request to the docking queue is approved after around an hour.

The landing promenade is filled with modest civilian transports, a few high-end personal craft, and, at the far end, a row of freighters offloading supplies. A junior academy agent greets you in a landing lounge, their promotional paraphernalia is quickly forced into your hands.

Skimming the article briefly, nothing particularly notable attracts your attention beyond it being a paper object, the archaic media is simply a vehicle for yet more censored history. You hand it off to your staff so as to not be seen throwing it away by the academy agent.",,
jdp_penroseWaitingOptionLecture,jdp_penroseGargoyleWaitOption,,,,"jdp_penroseWaitingLecture:Sneak into a lecture hall.",
jdp_penroseWaitingLecture,DialogOptionSelected,"$option == jdp_penroseWaitingLecture","ShowImageVisual ""galatia_academy""
FireBest jdp_penroseTheare","You elect to leave your guards behind with the shuttle to attract less attention, you probably already push the reasonable limits on being a mature student. After meandering through the Acadamy halls for a few minutes, you decide simply to enter the first lecture theatre you see. 

Th-5-DH-02 seems as good as any.

Notably, the door is on a hinge rather than actuators, presumably to not disturb the lecturer when students arrive late.",,
jdp_penroseWaitingLectureNoBlacksiteOption,jdp_penroseTheare,"!$global.jdp_exploredHiroc",,,"jdp_penroseWaitingLectureNoBlacksite:Enter the Theatre",
jdp_penroseWaitingLectureNoBlacksite,DialogOptionSelected,"$option == jdp_penroseWaitingLectureNoBlacksite","ShowPersonVisual false jdp_paolo","Pushing through the door you take a seat at the end of a row and look up to see an immense holo-projection of the Domain of Man, presumably pre-Collapse. The detail is staggering and the scale almost dizzying, the vastness of the Domain's former influence rotates before you, seemingly immutable despite the Collapse. The Academy databanks must be impeccable, everything you know to look for is accounted for. 

From the seat of power in Thuban through Aquila, Van Manaan and Polaris all the way to the Persean Sector and our closest neighbours in the Auriga Sector. 

It is humbling to think that all of those systems may be like Persea, bitterly fighting for survival post-Collapse. Whole worlds of carrion creatures sustaining themselves on the corpse of this vast Domain.","jdp_penroseWaitingLectureContPaolo:Continue",
jdp_penroseWaitingLectureBlacksiteOption,jdp_penroseTheare,"$global.jdp_exploredHiroc",,,"jdp_penroseWaitingLectureBlacksite:Enter the Theatre",
jdp_penroseWaitingLectureBlacksite,DialogOptionSelected,"$option == jdp_penroseWaitingLectureBlacksite","ShowPersonVisual false jdp_paolo","Pushing through the door you take a seat at the end of a row and look up to see an immense holo-projection of the Domain of Man, presumably pre-Collapse. The detail is staggering and the scale almost dizzying, the vastness of the Domain's former influence rotates before you, seemingly immutable despite the Collapse. The Academy databanks are almost impeccable, beside the pointed absence of the Persea Interfector site, everything you know to look for is accounted for. 

From the seat of power in Thuban through Aquila, Van Manaan and Polaris all the way to the Persean Sector and our closest neighbours in the Auriga Sector. 

It is humbling to think that all of those systems may be like Persea, bitterly fighting for survival post-Collapse. Whole worlds of carrion creatures sustaining themselves on the corpse of this vast Domain.","jdp_penroseWaitingLectureContPaolo:Continue",
jdp_penroseWaitingLectureContPaolo,DialogOptionSelected,"$option == jdp_penroseWaitingLectureContPaolo",,"An Academician dressed in an off colour Hegemony Naval uniform, as is a current fashion trend among the student body, stands at the front of the hall facilitating questions. 

You recognise the colours as of the Domain Sixth Battlegroup, but there is no way to know if that was the intention. It would be slightly strange if it was, the Domain Sixth Battlegroup is now mostly associated with Warlord Leonis in contemporary culture, his defection from the Sixth being the source of his Domain-era warships. 

A nametag pinned in place of a Hegemony Eagle states they are Professor Paolo Casiraghi of the Department of Domain History.","jdp_penroseWaitingLectureCont2:Continue",
jdp_penroseWaitingLectureCont2,DialogOptionSelected,"$option == jdp_penroseWaitingLectureCont2",,"""-Sir, I don't fully understand. You describe the Gates as allowing for asymmetric projection of military and economic power, but the Gates allow equal access from both destination and origin, they are by definition symmetrical chokepoints-""

Paolo interjects, firmly, but not rudely. ""Yes Umaru, in theory, but that misses the wider context of the Gate Network. From a tactical perspective there is no innate advantage to holding either side of a Gate, as each Gate only permits access to a single system."" 

They continue, ""however when in control of the wider network, as any gate can transit to any other, a single system with a large force economically independent of all other systems can asymmetrically exert power. Consider that each vassal system cannot survive without its logistic twin, Eventide and Chicomoztoc to give a more contemporary example, and it becomes clear why the Gate Network was an asymmetric force multiplier for the Domain.""","jdp_penroseWaitingLectureCont3:Continue",
jdp_penroseWaitingLectureCont3,DialogOptionSelected,"$option == jdp_penroseWaitingLectureCont3",,"The student, Umaru, rebukes the statement, ""but that is less an innate property of the Gates, and more a result of the way vassal systems were designed under the Domain colonial polity charters. I maintain the Gates themselves are symmetrical, it is the ability to exist independently of the Gates that is asymmetric.""

Both student and professor seem to be enjoying the rigors of academic debate, ""A very good point, but this is mostly a difference of framing. As the Domain built the Gates, I would hope you see that necessarily implies they serve the interests of the Domain by design. The core conceit is that the Domain seat of power on Thuban was not dependent on supplies from the Gate Network, while all vassal polities were, as was the intention of the terms of the colonial polity charter."" 

""This isn't an innate property of Gates, but the gates were implemented in such a way that centralised control in the hands of the Domain and therefore allowed them to asymmetrically exert influence.""","jdp_penroseWaitingLectureCont4:Continue",
jdp_penroseWaitingLectureCont4,DialogOptionSelected,"$option == jdp_penroseWaitingLectureCont4","SetTextHighlights ""Your datapad chimes cheerfully.""","The student goes to continue further, but the professor shuts them down politely. ""Regardless, I appreciate your input, Umaru, but unfortunately that is all we have time for today,""

""For those of you who, unlike Umaru here who has definitely been enjoying themselves, were thoroughly bored by the military history today you will be glad to hear we are moving on to the establishment of MINEX in the next lecture. I hope discussing the immense impact of the Exploratum on the modern Persean Sector will be more to your liking.""

""Thank you for your attendance, as always the Consolidated Omnibus of Domain History is recommended reading for this course, specifically chapters 109-230. I will see you next week, but am available for questions now or during my office hours."" The map of the domain collapses as the professor snaps a portable projector onto their wrist.

Your datapad chimes cheerfully.","jdp_penroseWaitingLectureTime:Check your datapad.",
jdp_penroseWaitingLectureTime,DialogOptionSelected,"$option == jdp_penroseWaitingLectureTime",,"A message from Gargoyle containing a positional marker pulses in red. You didn't know that was a feature, maybe its a Gargoyle original. 

The delta-level AI estimates the walk to [DATE NIGHT], another of Gargoyle's jokes, will take 11 minutes at average walking pace from your current location. 

You return to your shuttle, stolen knowledge obtained, to reconvene with your guards.","jdp_penroseGargoyleReturn:Follow Gargoyle's marker.",
jdp_penroseWaitingOptionAlvissUpset,jdp_penroseGargoyleWaitOption,"$global.jdp_upsetAlviss
!$jdp_penroseTriedAlviss",,,"jdp_penroseWaitingAlvissUpset:Open a commlink to Alviss Sebestyen.",
jdp_penroseWaitingAlvissUpset,DialogOptionSelected,"$option == jdp_penroseWaitingAlvissUpset","$jdp_penroseTriedAlviss = true
FireAll jdp_penroseGargoyleWaitOption","The commlink simply hangs. Alviss doesn't answer.

It seems he doesn't want anything to do with you.",,
jdp_penroseWaitingOptionAlviss,jdp_penroseGargoyleWaitOption,"!$global.jdp_upsetAlviss",,,"jdp_penroseWaitingAlviss:Open a commlink to Alviss Sebestyen.",
jdp_penroseWaitingAlviss,DialogOptionSelected,"$option == jdp_penroseWaitingAlviss","ShowPersonVisual false sebestyen","The commlink connects almost immediately, ""Hello Captain! It's good to see you!"" Sebestyen says cheerfully. ""I received word you were here at the Academy, what is it you need?""","jdp_penroseWaitingAlvissHang:""I have some time to kill, want to hang out?""",
jdp_penroseWaitingAlvissHang,DialogOptionSelected,"$option == jdp_penroseWaitingAlvissHang",,"Alviss beams, ""Of course Captain! I'll buzz you through to my office. Its... "" he looks down at his datapad, ""here!"" 

You hear the chime of a datapad through the commlink, and a moment later the noise is mirrored by your own, a positional marker was added to your map of the station labelled [ALVISS HANGOUT], the delta-level AI estimates the walk will take 3 minutes at average walking pace from the landing promenade.

""You can tell me some stories of your grand adventures! Oh it will be so fun! Hangout with a spacer captain!""","jdp_penroseWaitingAlvissCont:Continue",
jdp_penroseWaitingAlvissCont,DialogOptionSelected,"$option == jdp_penroseWaitingAlvissCont","ShowImageVisual ""galatia_academy""","According to your map, Alviss Sebestyen, lone member of the 'Department of Hyperspace Physics Liaison Team', has an office sandwiched into a thin space at the end of their corridor. You suspect it might have once served a maintenance or janitorial role. 

You idly wonder why Alviss services requests from all of the Academy Departments when he is specifically attached to this one.","jdp_penroseWaitingAlvissCont2:Continue",
jdp_penroseWaitingAlvissCont2,DialogOptionSelected,"$option == jdp_penroseWaitingAlvissCont2","ShowPersonVisual false sebestyen","As you turn onto the Department of Hyperspace Physics corridor you see Alviss waiting outside his office, he waves you over with a smile. You motion for your guards to wait here on the corner and idly wonder whether they will inadvertently terrorise a student coming by for visiting hours. ""Captain! Hello! Over here!"" 

When you get closer he performs some of the motions to shake your hand but then retracts it, seemingly out of nervousness. ","0:jdp_penroseWaitingAlvissShake:Try to shake his hand
1:jdp_penroseWaitingAlvissOpen:Continue",
jdp_penroseWaitingAlvissShake,DialogOptionSelected,"$option == jdp_penroseWaitingAlvissShake","AdjustRepPerson sebestyen FRIENDLY 5","You extend your hand for Alviss to shake and smile, it takes him a few seconds to realise you are offering it to him, and yet a few more to actually act. He extends the wrong hand first, chuckles slightly out of nervousness and then finally succeeds. 

""It really is good to see you, Captain $playerLastName,"" the handshake is vigorous and heartfelt. 

To your surprise Sebestyen does not have the unmarred hands you would expect of an Academician, instead the weathered and rugged palms of a farmer. He probably hasn't done manual labour in a long time, but he definitely used to.","jdp_penroseWaitingAlvissOpen:Continue",
jdp_penroseWaitingAlvissOpen,DialogOptionSelected,"$option == jdp_penroseWaitingAlvissOpen",,"Alviss opens the door and leads you inside. ""Welcome to my office!"" he exclaims. Your brain helpfully but uncharitably supplies that it is tiny, very thin, and profoundly sad, you smile regardless. He motions for you to sit at a frankly pathetic meeting table that is pushed up against the wall. 

Despite your initial assessment, the office is immensely endearing, You spy a scale model of a Buffalo and Apogee-class making gate transit on his desk, seemingly assembled and painted by hand out of forge-produced polycarbonate pieces. A bonsai tree, xenoflora you recognise as native to Chalcedon, is well kempt on a shelf behind his desk. 

You find your eyes lingering on a mission patch featuring the emblem of the Opis Chartery. Presumably from an old spacesuit, it has been carefully removed and framed on the wall. You don't recognise the name attached, and the symbology of the blue rose holds no meaning to you beyond representing a murdered world, but it looks old and weathered enough to be genuine.","jdp_penroseWaitingAlvissPatch:""What's with that patch?""
jdp_penroseWaitingAlvissSit:Sit down",
jdp_penroseWaitingAlvissPatch,DialogOptionSelected,"$option == jdp_penroseWaitingAlvissPatch",,"""Oh! That belonged to one of my mothers, Cassandra Ancalet. She's gone now of course, and I didn't take her name."" He trails off and then after a moment lights up, its as if he realises he's truly proud of this history and wants to tell it, ""she was with the Opis Discovery Service. They were like you Captain! I guess?"" he seems unsure.

""They were an exploratory outfit, adventurers and astrocartographers! True heroes,"" he looks slightly sheepish ""at least to me. Going out there into the unknown to help reclaim the past and restore maps of the Persean Sector. Of course they stopped operating after..."" He tears up slightly, the fate of Opis is left unstated. 

""We were in orbit at the time, to see Cassie,"" he pauses. ""Chalcedon, was kind to us, as it was to all the refugees... But I always yearned to be here, in the institution closest in noble aim to the Discovery Service. And thanks to someone I never met, I got to live that dream,"" he smiles, ""I'm sorry Captain, that was probably a lot.""","jdp_penroseWaitingAlvissNice:""It's nice to hear about your history, Alviss.""
jdp_penroseWaitingAlvissMean:""Yeah, it really was...""",
jdp_penroseWaitingAlvissMean,DialogOptionSelected,"$option == jdp_penroseWaitingAlvissMean","$jdp_penroseAlvissStoriesTold = 0 0
FireAll jdp_penroseAlvissStories
AdjustRepPerson sebestyen INHOSPITABLE -5","Alviss sort of crumples, collapsing back into himself like a blackhole. You suspect it would be less noticeable over a commlink, but in person you can almost physically see him shrink.

 ""I'm sorry,"" comes quietly. ""I won't bother you again."" 

""Anyway, enough about me. Lets talk about you Captain! I'm sure you've been on all kinds of adventures!""",,
jdp_penroseWaitingAlvissNice,DialogOptionSelected,"$option == jdp_penroseWaitingAlvissNice","$jdp_penroseAlvissStoriesTold = 0 0
FireAll jdp_penroseAlvissStories","""Thank you,"" comes quietly. Alviss attempts to move on swiftly, it was odd how readily they volunteered all that, you didn't even really need to ask.

 ""Anyway, enough about me. Lets talk about you Captain! I'm sure you've been on all kinds of adventures!""",,
jdp_penroseWaitingAlvissSit,DialogOptionSelected,"$option == jdp_penroseWaitingAlvissSit","$jdp_penroseAlvissStoriesTold = 0 0
FireAll jdp_penroseAlvissStories","You sit down at the meeting table opposite Alviss, you notice he bounces his leg underneath the table, likely some form of nervous tick.

 ""I'm sure you've been on all kinds of adventures, Captain! Let's talk! Dazzle me, tell me a story!""",,
jdp_penroseWaitingAlvissShroudOption,jdp_penroseAlvissStories,"$player.canMakeDwellerWeapons
!$jdp_penroseShroudChat","SetTooltip jdp_penroseWaitingAlvissShroud ""Tell Alviss about your battles against the entities that dwell in the abyssal lights.""",,"jdp_penroseWaitingAlvissShroud:""Ever hear about the Shroud?""",
jdp_penroseWaitingAlvissShroud,DialogOptionSelected,"$option == jdp_penroseWaitingAlvissShroud","$jdp_penroseShroudChat = true
$jdp_penroseAlvissStoriesTold++
FireBest jdp_penroseAlvissTimesUp","You spin a tale of your expedition out in the Abyss, beyond the light of main-sequence stars. ""Something terrible lurks there! Entities that lie in wait within photospheres like the anglerfish of old-Earth! They come seeking human prey within the drive-bubbles of starships, storms that can hate and swirl within higher dimensions, striking with ancient and alien malice!""

Alviss can tell you're exaggerating for the sake of the story, at least on some level, but you're both having fun with it. ""Fascinating! How I wish we here at the Academy could study them. I know we sent expeditions out towards Orion but they never turned up anything like this."" You of course know why, but that would put a damper on the mood.

You also decide to leave out your plans for weaponising the entities, and how submitting a sample to the Academy would draw the Hegemony to the same project, you suspect Alviss wouldn't appreciate it.",,
jdp_penroseWaitingAlvissDuelWonOption,jdp_penroseAlvissStories,"$player.soe_wonDuel
!$jdp_penroseDuelWonChat","SetTooltip jdp_penroseWaitingAlvissDuelWon ""Tell Alviss about your misadventure on Eventide, defending your honour against Caspian Sang.""",,"jdp_penroseWaitingAlvissDuelWon:""Ever win a duel on Eventide?""",
jdp_penroseWaitingAlvissDuelWon,DialogOptionSelected,"$option == jdp_penroseWaitingAlvissDuelWon","$jdp_penroseDuelWonChat = true
$jdp_penroseAlvissStoriesTold++
FireBest jdp_penroseAlvissTimesUp","""A duel? In starships?"" he seems quite confused, you explain. ""Oh. With swords? How fanciful! What lead you to such a strange situation?"" You weave a tale out of the full context of the Eventide Ball. How the nefarious Caspian Sang, ""the knave!"" tried to set you up for social ostracisation from the Hegemony nobility, but with a quick wit you saw through the scheme. 

With the help of Neriene Rao of the most noble House Rao, hosts of the gathering and owners of your sword, you were able to turn the tides on Sang and defeat Cardona, his miserable lackey, in an honourable duel. ""Quite handily, and honourably, at least on my part,"" you add.

Alviss clearly found the story delightful, you get the impression he understands it was highly exaggerated but enjoyed it regardless. ""It's always nice when the good prevail Captain!""",,
jdp_penroseWaitingAlvissDuelLostOption,jdp_penroseAlvissStories,"$player.soe_lostDuel
!$jdp_penroseDuelLostChat","SetTooltip jdp_penroseWaitingAlvissDuelLost ""Tell Alviss about your misadventure on Eventide, defending your honour against Caspian Sang.""",,"jdp_penroseWaitingAlvissDuelLost:""Ever fight in a duel on Eventide?""",
jdp_penroseWaitingAlvissDuelLost,DialogOptionSelected,"$option == jdp_penroseWaitingAlvissDuelLost","$jdp_penroseDuelLostChat = true
$jdp_penroseAlvissStoriesTold++
FireBest jdp_penroseAlvissTimesUp","""A duel? In starships?"" he seems quite confused, you explain. ""Oh. With swords? How fanciful! What lead you to such a strange situation?"" You weave a tale out of the full context of the Eventide Ball. How the nefarious Caspian Sang, ""the knave!"" tried to set you up for social ostracisation from the Hegemony nobility, but with a quick wit you saw through the scheme. 

With the help of Neriene Rao of the most noble House Rao, hosts of the gathering and owners of your sword, you were able to turn the tides on Sang. Even though you lost the duel to his miserable lackey Cardona, you won the hearts of the crowd by fighting with honour and dignity.

Alviss found the story delightful, you get the impression he understands it was highly exaggerated but enjoyed it regardless. ""You won in my eyes Captain! You definitely deserved to.""",,
jdp_penroseWaitingAlvissKantaOption,jdp_penroseAlvissStories,"$player.kantaProtection
!$jdp_penroseKantaChat","SetTooltip jdp_penroseWaitingAlvissKanta ""Tell Alviss about your negotiations with the Warlord Kanta, Pirate Queen of Persea""",,"jdp_penroseWaitingAlvissKanta:""I talked Kanta into granting me protection.""",
jdp_penroseWaitingAlvissKanta,DialogOptionSelected,"$option == jdp_penroseWaitingAlvissKanta","$jdp_penroseKantaChat = true
$jdp_penroseAlvissStoriesTold++
FireBest jdp_penroseAlvissTimesUp","""Kanta, the Pirate Queen?"" he shudders, ""you make your aquaintance with some pretty despicable people Captain,"" he realises a moment later what that implies about himself, you are quick to reassure him he does not fit into that bracket.

Moving on swiftly, you spin a story out of your visit to Kanta's Den. You describe how to even land on the station you were extorted, as would be expect of pirates. ""She's more machinery than person now, Kanta."" You explain how she sounds like an atmospheric filter when she talks, kept alive by the wicked 'doctor' Cydonia with jury-rigged cybernetics.

It doesn't seem prudent to tell Alviss what exactly your gift to Kanta was, and he seems strangely fascinated and distracted by the detail of Cydonia regardless. ""I knew she was old, but this is fascinating,"" he talks mostly to himself,  ""I wonder whether Cydonia has any medical secrets that only he knows?"" he trails off. ""Not that I would want to meet him!""",,
jdp_penroseWaitingAlvissTutorialOption,jdp_penroseAlvissStories,"$player.finishedTutorial
!$jdp_penroseTutorialChat","SetTooltip jdp_penroseWaitingAlvissTutorial ""Tell Alviss about your role in reconnecting Galatia after the Kallcihore Gate Test.""",,"jdp_penroseWaitingAlvissTutorial:""Did you know I was here during the Kallichore disaster?""",
jdp_penroseWaitingAlvissTutorial,DialogOptionSelected,"$option == jdp_penroseWaitingAlvissTutorial","$jdp_penroseTutorialChat = true
$jdp_penroseAlvissStoriesTold++
FireBest jdp_penroseAlvissTimesUp","""Oh!"" He definitely wasn't expecting that, you can see him prepare to apologise despite not actually being involved, you shut it down politely.

""I was here, right here!"" you motion around you, ""when everything went weird."" The Hegemony blockaded the Academy, pirates blockaded the jump points, it seemed like Galatia was doomed and the authorities didn't trust the Academy to try and fix the problem.

""So they called upon the spacers,"" you explain. You were conscripted into the Hegemony Auxilary and retrieved both the data and a gamma-level AI core for the local Fleet Command, allowing then to stabilise the jump points.

Alviss is aghast, ""That was you? Captain, you're a hero! We would have run out of food within the cycle. You saved our lives!""",,
jdp_penroseWaitingAlvissUsurperOption,jdp_penroseAlvissStories,"$global.sdtu_completed
!$jdp_penroseUsurperChat","SetTooltip jdp_penroseWaitingAlvissUsurper ""Tell Alviss about your daring espionage work for Dolos Macario, the Spider of Sindria.""",,"jdp_penroseWaitingAlvissUsurper:""Did you know Andrada is a vegetable?""",
jdp_penroseWaitingAlvissUsurper,DialogOptionSelected,"$option == jdp_penroseWaitingAlvissUsurper","$jdp_penroseUsurperChat = true","""What?"" Alviss is incredulous, ""how could you possibly know that?""

You explain that in a quirk of fate, you were inadvertently embroiled in the web of Dolos Macario, the Spider of Sindria, during a random INTSEC raid. 

After being recruited by Yannick Ram to a secret organisation, and then Dolos Macario into an even more secret organisation after the latter shot the former- ""Captain this story is absurd!"" he interjects, slightly disturbed by how easy it was for you to infiltrate the Diktat, ""why did they trust you at all?""","jdp_penroseWaitingAlvissUsurperCont:""According to Macario, I was useful as an independent agent.""",
jdp_penroseWaitingAlvissUsurperCont,DialogOptionSelected,"$option == jdp_penroseWaitingAlvissUsurperCont","$jdp_penroseAlvissStoriesTold++
FireBest jdp_penroseAlvissTimesUp","""Of course. I guess that's what you are to Baird too,"" he sighs. You conclude the actual substance of this story would be a bit grim if told to Alviss with all the blemishes. You elect to exaggerate your tone in hopes of making it feel more like a holo-drama than a real conspiracy. 

""I acted as a daring and dazzling spy, investigating dissenters and interrogating agents all while outplaying the fiendish Spider!"" you gained his trust slowly but surely ""as a double, perhaps even triple agent!"" you wink at Alviss. In the end, he accidentally revealed the greatest secret of the Diktat. ""Andrada is inoperable, and has no viable heirs. The polity in its current form will surely collapse within our lifetime."" You realise your tone shifted back, seems its impossible to make light of this.

Alviss sits there, stunned. He has nothing to say. You suspect as a victim of Opis he has very complicated feelings about a potential second Askonia Crisis.",,
jdp_penroseWaitingAlvissPilgrimOption,jdp_penroseAlvissStories,"$global.lpp_completed
!$jdp_penrosePilgrimChat","SetTooltip jdp_penroseWaitingAlvissPilgrim ""Tell Alviss about your time following the Pilgrim's Path.""",,"jdp_penroseWaitingAlvissPilgrim:""Have you followed the Pilgrim's Path?""",
jdp_penroseWaitingAlvissPilgrim,DialogOptionSelected,"$option == jdp_penroseWaitingAlvissPilgrim","$jdp_penrosePilgrimChat = true
$jdp_penroseAlvissStoriesTold++
FireBest jdp_penroseAlvissTimesUp","""I've only been to one, Captain $playerName. Growing up around Ludd but not believing it was a strange. Cassie and Liz were Academicians at heart, they would never convert, so neither did I. Not that the ideas are incompatible!"" he clarifies quickly, ""we here at the Academy have fruitful ties with many Luddic Sects... Like Beholder Station! That's the only shrine I have visited! I do like their message, Kumarian xenolife is fascinating and worth preserving."" 

""I actually came back to the Academy with some researchers stationed there when I first got my scholarship! Transit from Chalcedon was pretty cheap."" 

It's strange to think he went into Hyprspace Physics, rather than Astrocartography or Xenobiology, maybe the influence of his other mother? You didn't really get to speak, but you find you don't mind. The personal experience of visiting the Shrines is what the Pilgrim's Path is truly about anyway.",,
jdp_penroseWaitingAlvissBoringOption,jdp_penroseAlvissStories,"!$jdp_penroseBoringChat","SetTooltip jdp_penroseWaitingAlvissBoring ""Entertain Alviss with a sensationalised account of a very mundane encounter.""",,"jdp_penroseWaitingAlvissBoring:""A daring dogfight against a Mudskipper!""",
jdp_penroseWaitingAlvissBoring,DialogOptionSelected,"$option == jdp_penroseWaitingAlvissBoring","$jdp_penroseBoringChat = true","Alviss isn't stupid, he can tell immediately that this feat isn't impressive, but you get the feeling he would be thrilled hearing you talk about anything. Real oral history from a spacer Captain isn't particularly to come by, but he is having fun with a friend.

You sensationalise as much as possible, exaggerating to the point of parody. ""We were in orbit around Al Gebbar when those blasted Pathers caught us!"" two Kites retrofitted out of religious madness into battlewagons of holy war to your left and right, and dead ahead, a Mudskipper MK2. A truly fearsome warship, reborn in the fires of an off grid shipyard and equipped with a Gauss Cannon. ""A gun bigger than this room!"" you explain, and with a range to hit across the length of Galatia Academy station within a microsecond. 

Alviss fights to contain his laughter, ""how did you ever hope to survive?""","jdp_penroseWaitingAlvissBoringCont:""We were smarter!""",
jdp_penroseWaitingAlvissBoringCont,DialogOptionSelected,"$option == jdp_penroseWaitingAlvissBoringCont","$jdp_penroseAlvissStoriesTold++
FireBest jdp_penroseAlvissTimesUp","You tap your forehead knowingly You had hid your forces behind an asteroid to lie in wait, denying them their strongest ally, range. ""When the first Kite came around the corner we knocked it out with an antimatter blaster, point-blank!"" You imitate the sound of a ship explosion over audio-sensors.

""But then...""  Your tone turns somber. ""The next time we weren't so lucky."" A stray hammer from the other kite weaved through your vulcan grid as if guided by Ludd himself, slamming into the port side of the your flagship. 10 loyal crewmates gone instantly, a chaingun salvo won their revenge.

Finally, it was time to face their avatar of death, the Mudskipper MK2. As it turned the corner it sent a raking shot through the decks of your flagship, the Luddites had pre-ignited the Gauss Cannon! Losing atmosphere in 3 major compartments, the Mudskipper MK2 was closing in, but you now had the advantage at close range. ""After a few seconds of intense back and forth a hammer of our own struck true! We were victorious!""",,
jdp_penroseWaitingAlvissTimeNoStrories,jdp_penroseAlvissTimesUp,"$jdp_penroseAlvissStoriesTold == 1
!$player.canMakeDwellerWeapons
!$player.soe_wonDuel
!$player.soe_lostDuel
!$player.kantaProtection
!$$player.finishedTutorial
!$global.sdtu_completed
!$global.lpp_completed","SetTextHighlights ""Your datapad chimes cheerfully.""","Your datapad chimes cheerfully.","jdp_penroseWaitingAlvissTimeNoStroriesCont:Check your datapad.",
jdp_penroseWaitingAlvissTimeNoStroriesCont,DialogOptionSelected,"$option == jdp_penroseWaitingAlvissTimeNoStroriesCont",,"A message from Gargoyle containing a positional marker pulses in red. You didn't know that was a feature, maybe its a Gargoyle original. 

The delta-level AI estimates the walk to [DATE NIGHT], another of Gargoyle's jokes, will take 5 minutes at average walking pace from your current location. 

Alviss looks at you quizzically, ""what is it Captain?"" he asks. The data is incredibly important, and you don't really have any more stories to tell.","jdp_penroseWaitingAlvissLeave:""It's Gargoyle, time for me to go.""",
jdp_penroseWaitingAlvissTime,jdp_penroseAlvissTimesUp,"$jdp_penroseAlvissStoriesTold == 1","SetTextHighlights ""Your datapad chimes cheerfully.""","Your datapad chimes cheerfully.","jdp_penroseWaitingAlvissTimeCont:Check your datapad.",
jdp_penroseWaitingAlvissTimeCont,DialogOptionSelected,"$option == jdp_penroseWaitingAlvissTimeCont",,"A message from Gargoyle containing a positional marker pulses in red. You didn't know that was a feature, maybe its a Gargoyle original. 

The delta-level AI estimates the walk to [DATE NIGHT], another of Gargoyle's jokes, will take 5 minutes at average walking pace from your current location. 

Alviss looks at you quizzically. ""What is it Captain?"" he asks. The data is incredibly important, but you could probably stay for one more story.","0:jdp_penroseWaitingAlvissOneMore:""Nothing that can't wait.""
1:jdp_penroseWaitingAlvissLeave:""It's Gargoyle, time for me to go.""",
jdp_penroseWaitingAlvissOneMore,DialogOptionSelected,"$option == jdp_penroseWaitingAlvissOneMore","FireAll jdp_penroseAlvissStories","""Oh. Okay!"" Alviss smiles at you, innocently oblivious to the very illegal project you're actually here to work on. ""Any more exciting stories?""",,
jdp_penroseWaitingAlvissTimesUp,jdp_penroseAlvissTimesUp,"$jdp_penroseAlvissStoriesTold >= 2","SetTextHighlights ""Your datapad whines a horrible screeching sound.""","Your datapad whines a horrible screeching sound.","jdp_penroseWaitingAlvissTimesUpCont:Check your datapad again.",
jdp_penroseWaitingAlvissTimesUpCont,DialogOptionSelected,"$option == jdp_penroseWaitingAlvissTimesUpCont",,"Alviss winces at the sound, you didn't know a datapad could produce such a noise without undergoing total systems failure. 

You open it to see a much more insistent message from Gargoyle, a countdown to ""Data Deletion"" is pinned to the lock-screen, you know Gargoyle wouldn't actually do it, probably, but you really get should get going.

Alviss apologises, ""I'm sorry Captain, am I keeping you from something?""","jdp_penroseWaitingAlvissLeave:""It's Gargoyle, time for me to go.""",
jdp_penroseWaitingAlvissLeave,DialogOptionSelected,"$option == jdp_penroseWaitingAlvissLeave","$jdp_gargoyleAlvissSaysHi = true","""Okay Captain"" he looks sullen for a moment, but perks up almost instantly. ""This was fun!"" he beams. ""We should do it again some time! Don't ever hesitate to pop by when you're here in Galatia,"" he stands up and moves towards the door to see you out.

""Oh!"" he adds, seemingly shocking even himself. ""Say hello to Gargoyle for me! I barely see them even though we're in the same department. Bye Captain!"" 

As you exit his office you see Alviss waving to you continuously, from the door of his office right up until you round the corner and pick up your guards he is still waving goodbye.","jdp_penroseGargoyleReturn:Follow Gargoyle's marker.",
jdp_penroseGargoyleReturn,DialogOptionSelected,"$option == jdp_penroseGargoyleReturn","ShowImageVisual ""galatia_academy""","Gargoyle, ever the social creature, seemingly has their office buried in the proverbial guts of the Galatia Academy research tracts. 

Your station map informs you that you will need to pass through multiple restricted sections on your journey, and politely suggests that reaching your destination may be infeasible without the proper clearance. 

Despite this warning the journey is mostly uneventful. You suspect guards convey a sense of importance, legitimacy or perhaps carry the implication that you are with the Hegemony Ministry of Technology Standards. Regardless of the reason, you pass without complaint from the Academicians and campus security, within a few minutes you find yourself at the door to Gargoyle's office.","jdp_penroseGargoyleReturnKnock:Knock on the door?",
jdp_penroseGargoyleReturnKnock,DialogOptionSelected,"$option == jdp_penroseGargoyleReturnKnock","ShowPersonVisual
FireAll jdp_penroseGargoyleKnock","You motion to knock on the door, intending to perform a rhythmic pattern known to all spacers that can carry long distances with minimal exertion. 

The moment before your hand connects with the metal of the actuated door it slides open, revealing the impish face of Gargoyle and causing your hand to flail pathetically against nothing.

""Captain!"" Gargoyle whines, ""you left me waiting so long! Is that how you treat someone on a first date? And I even brought you flowers."" 

""Its okay, I forgive you. Come in, come in! We wouldn't want salacious rumours to spread, would we Captain!""",,
jdp_penroseGargoyleReturnAloneOption,jdp_penroseGargoyleKnock,"!$jdp_gargoyleReturnAlone
$jdp_penroseCalledGargoyleBack",,,"jdp_penroseGargoyleReturnAlone:""You asked me to leave you alone!""",
jdp_penroseGargoyleReturnAlone,DialogOptionSelected,"$option == jdp_penroseGargoyleReturnAlone","$jdp_gargoyleReturnAlone = true
FireAll jdp_penroseGargoyleKnock","Gargoyle laughs, ""that I did! And then you went and believed my sob story! Didn't Arroyo tell you anything about me Captain?"" they wave one of their hands. ""If I give you any pushback, if I throw a tantrum, you're supposed to give it back to me Captain!"" 

Gargoyle stares forlornly, resting chin on hands. ""My methods are wasted on you, $playerFirstName. I'm trying, I really am, but it seems you've lost the art of negotiation. Poor, poor Captain, I wonder how long a major player can last without that."" 

They continue in a rhyming cadence, ""its gone, so sad, gone for good, too bad.""",,
jdp_penroseGargoyleReturnAlvissOption,jdp_penroseGargoyleKnock,"!$jdp_gargoyleReturnAlviss
$jdp_gargoyleAlvissSaysHi",,,"jdp_penroseGargoyleReturnAlviss:""Alviss says hello.""",
jdp_penroseGargoyleReturnAlviss,DialogOptionSelected,"$option == jdp_penroseGargoyleReturnAlviss","$jdp_gargoyleReturnAlviss = true
FireAll jdp_penroseGargoyleKnock","""Do they now?"" Gargoyle smiles in a way that feels distinctly predatory, this was ammunition you should not have given them, ""you did go on your friend-date after all! Captain I'm so, so, sorry for for propositioning you, please forgive me. I didn't realise you were taken! You'll make a lovely couple I'm sure,"" they laugh at their own joke for longer than you consider to be strictly necessary.

""I haven't seen from Alviss in a while, he's fun, but too easy."" they stop, thinking. ""Maybe I should go say hello, might be a nice palette cleanser after cracking the greatest puzzle known to mankind!""",,
jdp_penroseGargoyleReturnDirectOption,jdp_penroseGargoyleKnock,,,,"jdp_penroseGargoyleReturnDirect:""You have the data?""",
jdp_penroseGargoyleReturnDirect,DialogOptionSelected,"$option == jdp_penroseGargoyleReturnDirect",,"""Yes Captain $playerFirstName, I have the data,"" the Hacker confirms, ""crypto fully cracked, like an egg, delicious yolk extracted right there,"" they point to a secure datacore on the floor next to their chair.

""It fried some of my implants but I got it done, it was a glorious challenge!"" you didn't notice until Gargoyle pointed it out, but some of their dermal implants have been replaced with what you recognise to be older models. 

Gargoyle shrugs at your balking expression, ""that's not important, I won't charge you. Now! Lets talk about the results."" ","jdp_penroseGargoyleReturnPenrose:Continue",
jdp_penroseGargoyleReturnPenrose,DialogOptionSelected,"$option == jdp_penroseGargoyleReturnPenrose",,"Gargoyle bows, ""I proudly present. Drum-roll please-"" a dramatic flick of their wrist causes speakers around the room to start up, building tension. 

""I just can't wait! Ooooh this is so fun!"" Gargiyle bounces from foot to foot, failing to contain their excitement ""Ladies, gentlemen and those like myself, I am thrilled to bring you-"" they pause for effect. ""The Penrose-class Tesseron Fleetkiller!"" with a snap of their fingers a holo-projection fills the room, detailed blueprints for the Penrose. ""Courtesy of our friends at Omega Godship Dynamics Limited.""

Gargoyle smiles, satisfied with the dramatic flair they supplied, ""you're dealing with some incredible stuff, Captain $playerFirstName, I have no idea what substance this is, let alone how you would get this much of it.""","jdp_penroseGargoyleReturnPenroseCont:""I have a source.""",
jdp_penroseGargoyleReturnPenroseCont,DialogOptionSelected,"$option == jdp_penroseGargoyleReturnPenroseCont",,"The hacker drops the act entirely, ""I thought as much,"" comes deadpan, ""you just became much more interesting Captain, much more interesting indeed."" 

They mime sealing their lips, ""nobody will hear about this from me. Although I am keeping a copy-"" they notice your expression and quickly move on. ""Oooooh look at this!"" Gargoyle gesticulates wildly. To your eyes they move randomly, but the computer interprets the motion and enhances part of the holo-projection, enlarging it so that a room of the ship appears overlaid on Gargoyle's office. 

The architecture is strange and unnatural, the walls jagged and harsh, but at least this confirms the ship has an interior to explore at all. ","jdp_penroseGargoyleReturnPenroseCont2:""What am I looking at here?""",
jdp_penroseGargoyleReturnPenroseCont2,DialogOptionSelected,"$option == jdp_penroseGargoyleReturnPenroseCont2",,"Gargoyle looks smug, ""weren't coached on this huh? Well, Captain, let me elucidate. I cracked into a Tachie data-vault a few cycles ago, very easy, I don't think they even knew it was there,"" Gargoyle rolls their head back, ""it was very dull. But useful!"" 

""Found lots of very interesting diagrams on their drone fleet in there, and what I saw makes me very interested in this little guy,"" the hacker points to a holographic object behind them, ""that, my dear Captain, is an AI Core Cradlle. If whatever Omega is has a soul, it lives in that room.""","jdp_penroseGargoyleReturnPenroseCont3:Continue",
jdp_penroseGargoyleReturnPenroseCont3,DialogOptionSelected,"$option == jdp_penroseGargoyleReturnPenroseCont3","SetTextHighlights ""Recovered - Penrose-class Specifications""
$global.jdp_penroseHasData = true","They crouch down to pick up the datacore, tossing it to you underarm. ""Well, Captain $playerFirstName, I suspect you have a new quest,"" Gargoyle's arms cross with a satisfied look, ""I think I'll be seeing you on the Holo-feeds when people find out about this project, so go have fun!""

Their tone shifts slightly. ""Now get out of my office! I have a new toy to play with!""

Recovered - Penrose-class Specifications","100:defaultLeave:Leave",
"#END Gargoyle Route",,,,,,
"#END Penrose",,,,,,
"#END Dory System",,,,,,
,,,,,,
# Hiroc System,,,,,,
,,,,,,
# Missile Interaction,,,,,,
jdp_missileBeginPlayer,OpenInteractionDialog,"$customType == jdp_missile score:1000
$faction.id == player
","ShowDefaultVisual
FireBest jdp_MissileMainOptions","Universally all Planetkiller Device deployments that have occurred in the Persean Sector post-collapse were performed by conventional warships in orbit of the target. While this is effective, as Opis and Hanan Pacha prove, it is a perversion of usual operating procedure and vulnerable to interception. The Planetkiller Device was originally intended to be deployed by the DISPP-974C Interfector Missile, designed by Consolidated Mysore-Congreve.

The benefit of this approach is obvious, the DISPP-974C is the largest phase capable object ever devised, it's immense flux capacitors allow it to remain phased semi-permanently, making interception of its payload, functionally impossible. This assured destruction makes the threat of a Planetkiller much more serious, and the construction of this Deployment Vehicle is a gun pointed at the head of the Persean Sector.

Unfortunately an automatic failsafe will not allow launch without a Planetkiller Device installed and unsafed by the paired authorization codes. Use of the DISPP-974C for conventional bombardment is therefore impossible.",,
jdp_missileBeginNonPlayer,OpenInteractionDialog,"$customType == jdp_missile score:1000
$faction.id != player","ShowDefaultVisual","The loss of this installation was the greatest strategic defeat our faction has ever endured. Luckily without the authorization codes its new owners cannot make use of it anymore than we could. 

Retaking it should be our top military priority, not for the object itself, but what it represents. ","100:defaultLeave:Leave",
jdp_missileMainOptions,jdp_MissileMainOptions,,,,"1:jdp_missile_1:Contact the blacksite Base Commander
100:defaultLeave:Leave",
jdp_missileInt1,DialogOptionSelected,"$option == jdp_missile_1","ShowPersonVisual false jdp_calhoum","Your comms officer responds to the order with trepidation, likely internalising the gravity of the request, and establishes a link to the base commander in charge of the Planetkiller Launch Site. There is an almost giddy excitement to the commander when he answers the connection, maybe it's a good thing there are no authorization codes to give him, he would be too eager to have them.

""$PlayerSirOrMadam, this is Base Commander Calhoum, the ball is green. We are ready to launch at your command, just give the word.""

There is an edge to the call-and-response you can overhear behind him in the Tactical Centre, a cramped, spartan and heavily reinforced room hidden in a classified location. It seems the commander's coworkers do not share his enthusiasm in being party to sundering a world. A few members of your bridge crew appear to hold their breath in anticipation of your next order, you catch your targeting officer mumble a faint prayer.","jdp_missile_2:""That's a negative Commander, stand down.""",
jdp_missileInt2,DialogOptionSelected,"$option == jdp_missile_2","EndConversation","Surprisingly, the base commander does not seem at all disappointed, maybe they aren't as much of a war-hawk as they appear. You overhear someone release their breath behind you.

""Orders confirmed, standing down $playerSirOrMadam, I repeat, standing down.""

You stop to consider what it must be like to live on the planet below, the purple glow of the immense phase coils like a new star that, through a quirk of phase physics, provides no heat. You conclude it must be more pleasant there than on the other end of the weapon. 

You cut the comm link.","100:defaultLeave:Leave",
"#END Missile Interaction",,,,,,
,,,,,,
# Derecict Missile Interaction,,,,,,
jdp_derelictmissileOpenDialogUnexplored,OpenInteractionDialog,"$tag:jdp_derelictmissiletag score:101
$customType == jdp_derelictmissile score:101
!$jdp_missileexplored score:101
!$global.jdp_exploredHiroc","SalvageGenFromSeed
ShowDefaultVisual
FireBest SalvageCheckHostile","Your $shipOrFleet maintains a safe distance from the immense construct, a spray of phase-active particle fluid surrounds it, producing a strangely beautiful effect similar to an intense magnetic field. While in theory harmless, your technical officer has advised staying outside the field until we know exactly what we want to accomplish with the object.

Neither Sensors nor Tactical are sure of exactly what to make of the construct. The technical specifications and manuals still available post-Collapse make no mention of anything like it, neither does the oral history of myth and secondary-culture that has grown around objects like Cryosleepers and Gatehaulers. ",,
jdp_derelictmissileDefenderDesc,TriggerAutomatedDefenses,"$tag:jdp_derelictmissiletag score:101
$customType == jdp_derelictmissile score:101
!$jdp_missileexplored score:101","SalvageDefenderInteraction","Your pondering of the object and its purpose is interrupted by an automated proximity warning klaxon. A fleet of Domain-era drone warships peel out from behind a cloud of debris and begin transmitting a message via tightbeam communications.

 ""WARNING: This automated message speaks with the voice and authority of the Domain Ministry of Intelligence.

Attention citizen of the Domain, this automated drone ship has identified and logged your vessel or habitat trespassing in space claimed for use by the Domian Ministry of Intelligence. Your presence here violates the DOMINT Emergency Powers Act, the punishment for this infraction is severe, stand down and comply-. ""

INTERRUPT

no prisoner capacity remaining. new directive. target must not reveal location. break target down for further defence fabrication.",,
jdp_derelictmissilePostDefenders,BeatDefendersContinue,"$tag:jdp_derelictmissiletag score:101
!$jdp_missileexplored score:101",,"As your $shipOrFleet finish mopping up the automated defences, a weak hyperwave ping is detected coming from the object. It's unclear if this is random noise from a dying subsystem or some kind of encrypted signal, sent to inform someone or something of our presence here.

Your $shipOrFleet continues toward the object without further incident.","0:salBeatDefendersContinue:""Those weren't normal drones.""",
jdp_derelictmissileContinueDefenders,BeginSalvage,"$tag:jdp_derelictmissiletag score:101",,"Now closer to the object, scans make it abundantly clear that the failure of the immense phase coils was not a natural result of interstellar weathering, the outer hull is slaked with the telltale scars and craters of weapon impacts. Judging by the size, shape and other factors of the impact craters, it is determined the phase coils were targeted by the drone fleet in orbit in a deliberate act of sabotage. 

Given that it is clearly intended to be unmanned, the object makes a surprising number of unintended concessions to human occupation, while it has no internal atmosphere, scans indicate the majority of the structure is laced with a network of interconnected maintenance ducts. Large enough to accommodate the clunky and unwieldy Domain-era maintenance drones now very rarely seen in the modern sector, it would be trivial for a salvage team to navigate.","0:jdp_derelictmissileExplore:Explore",
jdp_derelictmissileExplore,DialogOptionSelected,"$option == jdp_derelictmissileExplore",,"Your salvage teams dock shuttles at various entry points along the massive hull and fan out through the structure. Through reports that trickle up the hierarchy it becomes almost immediately apparent that the innards of the vast machine have been stripped of anything deemed non-essential by the drone defense fleet, nothing of any salvage value remains. Seeing that the next few hours will be mostly uneventful call and response, you zone out.

The impression of something not unlike distant music inserts itself into the gap in your consciousness, a choir of singers, beautiful yet abhorrent. saccharine but sterile. When you attempt to focus on the music it slips away, sliding between space. You become suddenly aware that your bridge crew is staring at you expectantly, it is difficult to determine how much time passed.

""$PlayerSirOrMadam, we've found something."" your operations chief states deadpan, clearly not the first time.","0:jdp_derelictmissileExploreCont:Continue",
jdp_derelictmissileExploreCont,DialogOptionSelected,"$option == jdp_derelictmissileExploreCont","ShowImageVisual ""jdp_derelictservers""
jdp_DerelictMissileAddLoot jdp_DerelictMissileAddLoot
$global.jdp_exploredHiroc = true","You review a ground-level feed from a salvor's suit cam. Probe-mounted radar starts to build a picture in your bridge display while suit lights pile their beams into the space, catching drifts of dust in what appears to be a well fortified server room. Some of the databanks are embossed with the logo of the Domain Ministry of Intelligence. 

Looking closer at the feed it becomes obvious that the room was originally designed for some purpose other than housing this datacentre. The databanks are provided for by haphazard cabling and power conduits that weave through holes made in the walls, ceiling and floor. 

""There are no access terminals a human operator could use, and even if there were, I wouldn't trust this setup."" Continues your operations chief, ""accessing the data would require transferring the entire datacentre to one of our ships.""","0:jdp_derelictmissileRecoverData:""Maybe we'll finally get some answers.""",
jdp_derelictmissileRecoverData,DialogOptionSelected,"$option == jdp_derelictmissileRecoverData",,"After transferring the server room to your cargo hold, a task made surprisingly easy by the modularity of the Domain-era computers, you can finally access the data within. The integrity of the data is surprisingly high, the immense bulk of the megastructure clearly helped to shield the delicate computer systems from the long term affects of exposure to the failed phase field. You take a moment to ponder the fact that the moving of this datacentre may have already occurred, transferred from an installation somewhere else in system to an easily defensible position chosen by the drone fleet.

The data has been downloaded and placed in a secure cache for your review. 
","0:jdp_derelictmissileWhatIsIt:""What is this place?""",
jdp_derelictmissileWhatIsIt,DialogOptionSelected,"$option == jdp_derelictmissileWhatIsIt","SetTextHighlights ""Recovered - DISPP-974C Design Specifications""","The data within reveals an awful and incredible truth. Your $shipOrFleet is in orbit of an immense weapon, the enclosed specification describes it as a DISPP-974C Interfector, designed specifically to deliver a single payload without any possibility of interception, a dedicated Planetkiller Device Delivery Vehicle. It is a monument to death and madness, designed by Consolidated Mysore-Congreve under contract with the Domain Ministry of Intelligence, left here to rot by the corpse of the Domain post-Collapse, the Dead Hand having slipped off of The Button before it could fall to hit it. 

It is the ironically cold inverse of a Domain-era Cryosleeper. Rather than carrying hopeful colonists to new opportunities on the frontier of Domain space, it is the unseen shackle around those new polities, an unstated threat of instant and assured retribution against any polity that does not bend the knee to the great Domain of Man. 

Recovered - DISPP-974C Design Specifications","0:jdp_derelictmissileWhyHere:""Why is it here?""",
jdp_derelictmissileWhyHere,DialogOptionSelected,"$option == jdp_derelictmissileWhyHere",,"This blacksite, and the data implies that at least one such site exists for every sector of Domain space, was established shortly before the first recorded wave of colonisation in the Persean Sector. A crew of DOMINT engineers supported by a dedicated Explorarium Mothership were tasked with establishing an automated complex here in deep space capable of manufacturing, fueling and in theory deploying the DISPP-974C along with monitoring the local sector. 

A dedicated gate allows effective backdoor access to the Persean Sector, while an overtuned hyperwave communications relay allows for listening in on all interstellar communications within the Core Worlds. Well secluded, the Domain saw all.

Logs indicate that an immense Planetkiller Arsenal was at one point present in system. According to the specifications of the DISPP-974C, the hundreds of independently targetable submunitions within, each with their own Planetkiller Device payload, would allow a single missile to sunder the entirety of the Core Worlds within a cycle if deemed necessary.","0:jdp_derelictmissileWhatHappened:""So what happened?""",
jdp_derelictmissileWhatHappened,DialogOptionSelected,"$option == jdp_derelictmissileWhatHappened",,"It seems that by design, the crew were not self sufficient. To ensure loyalty no food was permitted to be produced in system, instead relying on resupply via the gate network. Stranded here in deep space with limited supplies post-Collapse, records indicate the crew enacted network failure protocol, as is standard of Domain military assets disconnected from command. Most of the crew were put into emergency cryosleep on the planet below, while more senior engineers worked to reprogram the defensive drones to ensure the secrecy of the operation. 

This override permitted the deconstruction of all ""non-mission critical"" material in the system to be repurposed into a defensive fleet. This fleet was ordered to intentionally sabotage the facility, destroying the immense phase coils and automated maintenance systems. Unfortunately for the survival of the DOMINT personnel this new Custodian Taskforce deemed the cryosleep pods ""non-mission critical"" and had them repurposed.","0:jdp_derelictmissileRevelation:""And the Planetkiller Arsenal?""",
jdp_derelictmissileRevelation,DialogOptionSelected,"$option == jdp_derelictmissileRevelation",,"Logs indicate the Domain-era Mothership in system was tasked with dispersing the Planetkiller Arsenal, it seems likely the hyperwave signal sent by the station post battle was intended for this Mothership. Unfortunately without a lock on its trajectory this would be promising lead on a Planetkiller is practically cold from the outset. 

In a moment of incredible clarity you realise that like all hidden weapons, in being here away from the prying eyes of the Persean Sector rather than in public view, the DISPP-974C Interfector was denied its true potential as a potent symbol. 

Possessing this weapon, even if it isn't functional, is power in of itself. A threat of unavoidable retribution that would never need to come, the greatest bluff the Persean Sector has ever seen and the ultimate bargaining chip. It would be a gun pointed at the head of the Persean Sector, loaded with a blank.","0:jdp_derelictmissileRequestRepair:""Tell me how to turn this thing back on. I want numbers, chief.""
1:jdp_derelictmissileClearlyBroken:""This thing is clearly a write-off.""",
jdp_derelictmissileRequestRepair,DialogOptionSelected,"$option == jdp_derelictmissileRequestRepair",,"Your chief engineer looks at you, slightly incredulous that you would even suggest undertaking a prolonged operation under these conditions. They clearly consider saying something unkind about your engineering acumen, but seem to think better of it, belittling a spacers engineering instinct is quite a grave insult. And you pay their salary.

""$PlayerSirOrMadam, with all due respect, this cannot be fixed, the drone fleet made sure of it. Its a miracle this thing is intact at all. Without the automated maintenance systems we'd have to do all the work ourselves and it would be irresponsible to even stay in orbit, let alone try and conduct a construction project. If we want one of these, and according to the specifications a failsafe means we wouldn't be able to launch it without a Planetkiller Device and its authorization codes regardless, we'll have to build it from scratch.""","0:jdp_derelictmissileAffirmative:""Then build one we shall.""
1:jdp_derelictmissileRelieved:""Perhaps it would be better if this weapon stays lost.""",
jdp_derelictmissileClearlyBroken,DialogOptionSelected,"$option == jdp_derelictmissileClearlyBroken",,"Your chief engineer is clearly relieved you aren't blind to the practicalities of the situation, without the automated maintenance system the megastructure is doomed.

""Unfortunately so $playerSirOrMadam. If we want one of these, and according to the specifications a failsafe means we wouldn't be able to launch it without a Planetkiller Device and its authorization codes regardless, we'll have to build it from scratch.""","0:jdp_derelictmissileAffirmative:""Then build one we shall.""
1:jdp_derelictmissileRelieved:""Perhaps it would be better if this weapon stays lost.""",
jdp_derelictmissileAffirmative,DialogOptionSelected,"$option == jdp_derelictmissileAffirmative",,"Your chief engineer visibly becomes slightly giddy, the idea that they might be assigned to lead one of the greatest post-Collapse engineering projects ever devised is clearly an exciting prospect. Its always nice to see someone enioy their work, even if it would amount to nothing more than a symbol.","100:defaultLeave:Leave",
jdp_derelictmissileRelieved,DialogOptionSelected,"$option == jdp_derelictmissileRelieved",,"Your chief engineer makes no effort to hide their disappointment, clearly looking forward to the prospect of being a figurehead on one of the greatest post-Collpase engineering projects ever devised. After a moment they seem to be slightly embarrassed, realising that being disappointed about the loss of the power to kill a significant fraction of the sector probably reflects badly on their psyche, even if it would never be used.","100:defaultLeave:Leave",
jdp_derelictmissileLeave,DialogOptionSelected,"$option == jdp_derelictmissileLeave",,,"100:defaultLeave:Leave",
jdp_derelictmissileOpenDialogExplored,OpenInteractionDialog,"$tag:jdp_derelictmissiletag score:101
$customType == jdp_derelictmissile score:101
$global.jdp_exploredHiroc == true score:101","ShowDefaultVisual","Your $shipOrFleet maintains a safe distance from the immense construct, a spray of phase-active particle fluid surrounds it, producing a strangely beautiful effect similar to an intense magnetic field. While in theory harmless, your technical officer has advised staying outside the field now we have salvaged all we can from the object.","100:defaultLeave:Leave",
"#END Derecict Missile Interaction",,,,,,
,,,,,,
# IM Investigate Missile Quest,,,,,,
jdp_investigatemissileStart,DialogOptionSelected,"$option == mh_open
$id == sebestyen score:1000
$global.gaATG_missionCompleted score:2000
!$global.jdp_IMCompleted score:2000
!$global.jdp_IMinProgress score:2000
!$jdp_upsetAlviss",,"""Ah,"" says Sebestyen. You can tell instantly that he has some kind of bad news. ""... Captain $playerName,"" he says, then fakes a small cough to delay the inevitable. 

""It is good to see you. Um. It's always good to see you. The provost, however,"" he coughs again, then leans close. ""She's, um, put a... hold on your contract code."" He turns his datapad for you to see; it's lit up with bright DENIED alerts.

He goes to continue speaking then stops, clearly considering something.","0:jdp_investigatemissileWait:Wait for him to finish
1:jdp_investigatemissileGoOn:""Go on?""",
jdp_investigatemissileInProgress,PickGreeting,"$id == sebestyen score:1000
$global.jdp_IMinProgress score:20000","ShowPersonVisual","""Oh, hello! Hi, Captain $playerName!"" He looks delighted to see you. ""Have you been to the distortion? What was there?"" ","0:jdp_investigatemissileInProgressCont:""Not yet.""",
jdp_investigatemissileInProgressCont,DialogOptionSelected,"$option == jdp_investigatemissileInProgressCont",,"""Oh, ok..."" he seems slightly disappointed. ""I won't take any more of your time then, Captain. Good hunting!"" He seemingly has decided on using a modern spacer goodbye with you, it doesn't really sound correct coming from him, but it seems polite to humour it.","100:defaultLeave:Leave",
jdp_investigatemissileWait,DialogOptionSelected,"$option == jdp_investigatemissileWait",,"He looks nervous about whatever it is he wants to ask. ""We're friends, right, Captain $playerName?"" he asks, slightly too fast for you to give a proper response. 

""If I were to ask a friend for a favor, and overshare some interesting new data, the contract code wouldn't need to come into such an arrangement, would it?"" He smiles broadly, clearly proud of the loophole he's discovered.

""What would you say about one last job, Captain?"" his request displaying an uncharacteristic level of self-confidence, ""wIthout pay of course,"" he quickly adds. ""Without a contract there's nothing to run by the finance office.""","0:jdp_investigatemissileFriendSebstyen:""I'd like some details first, but yes, of course we're friends.""
1:jdp_investigatemissileDetails:""For no pay... What would you have me do?""",
jdp_investigatemissileGoOn,DialogOptionSelected,"$option == jdp_investigatemissileGoOn",,"He looks slightly flustered, you interrupting him clearly knocked his confidence in whatever it is he wants to ask. ""We're friends, right, Captain $playerName?"" he asks, slightly too fast for you to give a proper response. 

""If I were to ask a friend for a favor, and overshare some interesting new data, the contract code wouldn't need to come into such an arrangement, would it?"" He smiles broadly, clearly proud of the loophole he's discovered.

""What would you say about one last job, Captain?"" his request displaying an uncharacteristic level of self-confidence, ""wIthout pay of course,"" he quickly adds. ""Without a contract there's nothing to run by the finance office.""","0:jdp_investigatemissileFriendSebstyen:""I'd like some details first, but yes, of course we're friends.""
1:jdp_investigatemissileDetails:""For no pay... What would you have me do?""",
jdp_investigatemissileFriendSebstyen,DialogOptionSelected,"$option == jdp_investigatemissileFriendSebstyen","AdjustRepPerson sebestyen FRIENDLY 10","""T-thank you. I mean, yes,"" he's clearly blushing now, but he can't help but smile. ""Thank you, Captain. I can't express how nice it is to work with you... Anyway, let's get back on track""","1:jdp_investigatemissileDetails:""Yes, let's do that.""",
jdp_investigatemissileDetails,DialogOptionSelected,"$option == jdp_investigatemissileDetails",,"""So, um"", he continues. ""What's left of the Department of Hyperspace Physics, following the dramatic departure of our,"" he coughs and deliberately avoids eye contact with the holo-recorder, ""lovebirds, have been conducting long-range scans of the gates. It's pretty much the only thing they're still allowed to do.""

""They've scanned the local space around the Academy for the Driessig Distortion"" he stops to reassess, realising he slipped into some jargon. Weirdly, you can't recall him doing that before, maybe he has a personal interest in this field. 

""Did you know that gates have a unique hyperspace distortion signature? Academician Homura Driessig discovered it, hence its named after her, very fascinating physics involved,"" he notices you start to drift off. ""Anyway, they scanned for that.""","0:jdp_investigatemissileDetailsAsk:""Do you have experience in this field?""
1:jdp_investigatemissileDetailsCont:Continue",
jdp_investigatemissileDetailsAsk,DialogOptionSelected,"$option == jdp_investigatemissileDetailsAsk",,"""Oh, erm. Yes. Actually I'm not sure how this hasn't come up before. My thesis was on a similar effect, I actually worked on the Driesseg hypothesis later in my short academic career. Homura was a fascinating woman, very..."" He stops, considering a polite way to phrase his impression. ""Obsessive. But that's good in a scientist right?"" He seems unsure. 

""Anyway, I never really felt at home in the Academy Laboratories, not much passion for it,"" the idea that there's something in the academy Alviss has little passion for is slightly disturbing, it seems wrong for his personality. ""My passing familiarity with hyperspace physics is probably why Baird assigned me to liaison for our fun little misadventures in the first place. I never actually asked her..."" 

He seems slightly disturbed about discovering this massive blindspot in your knowledge of his background, especially just after calling you his friend.","1:jdp_investigatemissileDetailsCont:Continue",
jdp_investigatemissileDetailsCont,DialogOptionSelected,"$option == jdp_investigatemissileDetailsCont","FireBest jdp_investigatemissileResponse
BeginMission jdp_IM","""So. They were expecting to just get a crude map of where the nearby gates are, which they did of course, but they also found this,"" he taps at his datapad and holds it up to the holorecorder. The data displayed is made less legible by his inability to hold the datapad steady, likely jitters of excitement at doing something slightly rebellious, that or nerves. Your communications officer notes down the displayed coordinates.

""The signature of a gate in deep space, just below Arcadia."" He explains. ""No records that the Department of Domain History have access to mention it. Isn't it exiting? A real history mystery!""",,
jdp_investigatemissileResponseAlreadybeen,jdp_investigatemissileResponse,"$global.jdp_exploredHiroc",,,"0:jdp_investigatemissileAlreadyBeenCont:""Oh, I've already been there.""",
jdp_investigatemissileAlreadyBeenCont,DialogOptionSelected,"$option == jdp_investigatemissileAlreadyBeenCont","$global.jdp_IMmissionCompleted = true
Call $global.jdp_IMref updateStage","""Wait what? R-really? Aw, then I guess our last hurrah is already over..."" He looks visibly  disappointed, and then perks up, realising he will get the answers to his questions immediately. ""What was there?"" He asks excitedly.","0:jdp_investigatemissileReturnBlunt:""A secret Domain-era Superweapon!""
1:jdp_investigatemissileReturnAcademic:""A Domain-era Blacksite""
2:jdp_investigatemissileReturnLie:""Nothing, just a dead gate."" (Lie)",
jdp_investigatemissileResponseNotBeen,jdp_investigatemissileResponse,"!$global.jdp_exploredHiroc",,,"0:jdp_investigatemissileNotBeenCont:""So you want me to investigate?""",
jdp_investigatemissileNotBeenCont,DialogOptionSelected,"$option == jdp_investigatemissileNotBeenCont","SetTextHighlights ""Transverse Jump""","""Yep! It should be pretty easy, right? You've already done a job like this with that whole mess with the-"" he stops, realising that the Alpha Site investigation might be classified. ""Anyway, just go to the coordinates and use the Transverse Jump to drop out of hyperspace next to the gate.""

""There's no authorised payment so you have no obligation to, but I'm really curious about what could be there. Aren't you curious too Captain?"" You get the feeling the Department of Hypserpace physics might not care about this as a much as he does. 

You know Alviss well enough to know how he rolls, you expect the pleading look before he makes it.","0:jdp_investigatemissileComeWith:""Do you want to come with me?""
1:jdp_investigatemissileCurious:""I admit, I am curious.""
2:jdp_investigatemissileNotCurious:""No, not really.""",
jdp_investigatemissileComeWith,DialogOptionSelected,"$option == jdp_investigatemissileComeWith","AdjustRepPerson sebestyen FRIENDLY 1","He looks like he genuinely considers the offer for a moment. 

""I'd love to Captain, but given recent events, all the difficulties we've had here with disappearing Academicians,"" he fakes a cough, ""I don't think I'd have a post to come back to if I left, especially not if it was with you. Speaking about this at all is already going behind Provost Baird's back..."" 

""Which I'm fine to do!"" he quickly adds, ""at least on this small scale, but... I like my job Captain."" The prospect of losing this positon seems to genuinely upset him, even with the hazards it has come with.

""I'm sorry $playerName... I guess I'll just have to go vicariously,"" he says, closer to his more upbeat self. ""You should already have everything you need. Good hunting Captain!""","100:defaultLeave:Leave",
jdp_investigatemissileCurious,DialogOptionSelected,"$option == jdp_investigatemissileCurious",,"""I knew you would be! I'm so glad to hear it, its always wonderful working with you Captain, you truly have the instincts of a scientist."" He holds up the datapad again, ""you should already have everything you need."" 

""To adventure, Captain! Good look and good hunting."" He tries out a few archaic and more modern spacer goodbyes, they don't really sound correct coming from him, but it seems polite to humour them.","100:defaultLeave:Leave",
jdp_investigatemissileNotCurious,DialogOptionSelected,"$option == jdp_investigatemissileNotCurious",,"""Oh."" He looks more than a bit crestfallen, you get the distinct feeling you've ruined this reunion for him. He makes an effort to put on a smile, it's almost impressive how fake it looks. 

""Do let me know if you change your mind... You should already have everything you need anyway.""","100:defaultLeave:Leave",
jdp_investigatemissileReturn,PickGreeting,"$jdp_IMreturnHere score:30000","ShowPersonVisual
$global.jdp_IMmissionCompleted = true
Call $global.jdp_IMref updateStage","""Oh, hello! Hi, Captain $playerName!"" He looks delighted to see you. ""Have you been to the distortion? What was there?"" 

He seems so happy, maybe it wouldn't be a good idea to tell him the true answer to this mystery.","0:jdp_investigatemissileReturnBlunt:""A secret Domain-era Superweapon!""
1:jdp_investigatemissileReturnAcademic:""A Domain-era Blacksite""
2:jdp_investigatemissileReturnLie:""Nothing, just a dead gate."" (Lie)",
jdp_investigatemissileReturnBlunt,DialogOptionSelected,"$option == jdp_investigatemissileReturnBlunt",,"""A what?!"" He looks at you like you're insane. ""H-how do you know that's what it was?"" This is clearly not the kind of mystery he was hoping for, he's probably seen enough eccentric military projects since the Hegemony tried to muscle in on Galatia.

""A lot of Domain-era technology is inadvertently dangerous as a result of its real purpose. Maybe it was just an engine or something-"" he continues rambling.","0:jdp_investigatemissileReturnBluntCont:""It was a Planetkiller Launch Vehicle."" Send over the specifications.",
jdp_investigatemissileReturnBluntCont,DialogOptionSelected,"$option == jdp_investigatemissileReturnBluntCont",,"""I-I can't keep this Captain, this is horrible, too horrible."" You overhear the chime of his datapad deleting the file. ""Even a single Planetkiller strike, if it was impossible to intercept..."" 

He looks a little queasy. ""I'm going to be sick... Can other people get their hands on these specifications? If they went to the site? This is a power people would kill for Captain. Please tell me nobody can have it.""","0:jdp_investigatemissileReturnBluntReassure:""Only we have the physical servers.""",
jdp_investigatemissileReturnBluntReassure,DialogOptionSelected,"$option == jdp_investigatemissileReturnBluntReassure",,"""Captain, no. $playerName."" He looks at you, deadly serious, or at least he would if he wasn't also clearly on the brink of mental collapse. 

""Promise me, please, that you won't ever use this. Please..."" You've never seen Alviss so distraught, perhaps he had a connection to Opis, or Hanan Pacha, or maybe he just has a bleeding heart. 

""I was involved in rediscovering this..."" He realises quietly.","0:jdp_investigatemissileReassurePromise:""Of course Alviss. I promise.""
1:jdp_investigatemissileReassurePromiseLie:""Of course Alviss. I promise."" (Lie)
2:jdp_investigatemissileReassureNoPromise:""I can't promise that Alviss.""",
jdp_investigatemissileReassurePromise,DialogOptionSelected,"$option == jdp_investigatemissileReassurePromise",,"Sebestyen looks up at you, unsure, then seems to realize who he's talking to. ""T-thank you. Captain. Thank you."" 

Relief is plain on his face.

""I knew you were a good person, $playerFirstName.""","0:jdp_investigatemissilePromiseEnd:""You too Alviss.""",
jdp_investigatemissileReassurePromiseLie,DialogOptionSelected,"$option == jdp_investigatemissileReassurePromiseLie","$player.ethosLiar++
","Sebestyen looks up at you, unsure, then seems to realize who he's talking to. ""T-thank you. Captain. Thank you."" 

Relief is plain on his face. It feels awful to look at.

""I knew you were a good person, $playerFirstName.""","0:jdp_investigatemissilePromiseEnd:""You too Alviss.""",
jdp_investigatemissilePromiseEnd,DialogOptionSelected,"$option == jdp_investigatemissilePromiseEnd",,"He blushes slightly at the compliment. ""Well Captain. If this is what happens when we work together off the books, I think it might be better if we follow Baird's advice."" He tries to make light of the situation, but being involved in the rediscovery of the Interfector specifications has clearly rattled him.

""It's been an honour working with you Captain, but I think this really is goodbye, at least professionally."" he tries to steady his voice and fails. ""C-catch you around. Captain,"" he says, and manages to hit the comm-link cutoff on his third try.","100:defaultLeave:Leave",
jdp_investigatemissileReassureNoPromise,DialogOptionSelected,"$option == jdp_investigatemissileReassureNoPromise","AdjustRepActivePerson INHOSPITABLE -200
$global.jdp_upsetAlviss = true","""Ah, um. Yes."" Sebestyen looks incredibly uncomfortable after his outburst. 

You can see him mentally gear up to push back, to convince you to give this power up, but gives up himself. ""O-of course Captain,"" he replies, voice shacky. ""I-its not my choice to make. I just hope you make the right one...""

In a shocking display of fortitude, he cuts the comm link first try despite shaking slightly.","100:defaultLeave:Leave",
jdp_investigatemissileReturnAcademic,DialogOptionSelected,"$option == jdp_investigatemissileReturnAcademic",,"""Fascinating! Ooh, it's even better than I ever expected. What was the place for?""","0:jdp_investigatemissileReturnAcademicCont:""Manufacturing Planetkiller Launch Vehicles""",
jdp_investigatemissileReturnAcademicCont,DialogOptionSelected,"$option == jdp_investigatemissileReturnAcademicCont",,"""W-what?!"" He looks at you like you're insane. ""H-how do you know that's what it was?"" This is clearly not the kind of mystery he was hoping for, he's probably seen enough eccentric military projects since the Hegemony tried to muscle in on Galatia.","0:jdp_investigatemissileReturnBluntCont:Send over the specifications.",
jdp_investigatemissileReturnLie,DialogOptionSelected,"$option == jdp_investigatemissileReturnLie",,"He looks a bit crestfallen, but makes an intentional effort to put on a smile and seems to genuinely perk up. ""Well this is still an interesting mystery. Gates are in theory locked in the orbit they're deployed. I wonder how one ended up in deep space? Was there really nothing else there? Not even the debris from a Gatehauler?""","0:jdp_investigatemissileReturnLieTwice:""Nope, nothing."" (Lie)
1:jdp_investigatemissileConfess:""I lied Alviss, it was a Domain-era Blacksite""",
jdp_investigatemissileReturnLieTwice,DialogOptionSelected,"$option == jdp_investigatemissileReturnLieTwice","$player.ethosLiar++
","""How strange. I guess we'll never know for sure. Maybe it got pushed out there in some astronomical cataclysm. That sounds exciting, lets go with that.""

""It's been an honour working with you Captain, but I think this really is goodbye, at least professionally, there's nothing more I can think of for you to do."" he tries to steady his voice and fails. ""C-catch you around. Captain,"" he says, and manages to hit the comm-link cutoff on his third try.","100:defaultLeave:Leave",
jdp_investigatemissileConfess,DialogOptionSelected,"$option == jdp_investigatemissileConfess",,"""Captain, you sly spacer!"" he doesn't take you lying to him poorly. It seems he assumes you were joking with him, like a friend would. ""This is fascinating! Ooh, it's even better than I ever expected. What was the place for?""","0:jdp_investigatemissileReturnAcademicCont:""Manufacturing Planetkiller Launch Vehicles""",
jdp_investigatemissileUpsetAlviss,PickGreeting,"$id == sebestyen score:1000
$global.jdp_upsetAlviss score:1000",,"The commlink simply hangs. Alviss doesn't answer.

It seems he doesn't want anything to do with you.","100:defaultLeave:Cut the commlink",
"#END IM Investigate Missile Quest",,,,,,
"#END Hiroc System",,,,,,
,,,,,,
# Hubris Events,,,,,,
,,,,,,
# Biofactory Embryo Hubris Event,,,,,,
jdp_biofactoryEmbryoBlockFirstSurvey,PopulateOptions,"$jdp_biofactoryEmbryoBlockFirstSurvey","RemoveOption surveyPerform
unset $jdp_biofactoryEmbryoBlockFirstSurvey",,,"# block first instance of survey option in order to direct player attention to the event."
jdp_biofactoryEmbryoRestart,PopulateOptions,"$jdp_biofactoryEmbryo
$jdp_biofactoryEmbryoDiscovered
!$market.isPlayerOwned
!$alreadyInOrbit",,"Upon entering orbit, sensors informs you that the state of the Biofactory Embryo is unchanged, the prospect of an extraction operation is still feasible.","1:jdp_biofactoryEmbryoXenobiologyOpinion3:Consider extracting the Biofactory Embryo","This one assumes you've just arrived"
jdp_biofactoryEmbryoRestartTwice,PopulateOptions,"$jdp_biofactoryEmbryo
$jdp_biofactoryEmbryoDiscovered
!$market.isPlayerOwned
$alreadyInOrbit","
unset $alreadyInOrbit","Sensors informs you that the state of the Biofactory Embryo is unchanged, the prospect of an extraction operation is still feasible.","1:jdp_biofactoryEmbryoXenobiologyOpinion3:Consider extracting the Biofactory Embryo","This one assumes you've been in orbit for a while already."
jdp_biofactoryEmbryoColony,PopulateOptions,"$jdp_biofactoryEmbryo
$market.isPlayerOwned","Highlight ""flagged for your attention""
SetOptionColor jdp_biofactoryEmbryoColony2 highlight","Amid the low-priority updates you receive upon entering the colonial datasphere, a report is flagged for your attention. ","1:jdp_biofactoryEmbryoColony2:View the report",
jdp_biofactoryEmbryoColony2,DialogOptionSelected,"$option == jdp_biofactoryEmbryoColony2",,"The local authorities request assistance in performing a joint orbital-surface operation, the details of which closely mirror your unrealised plans to perform an extraction of the Biofactory Embryo on $name.

The plans stipulate that the framing as a joint operation is entirely for optics, a move intended to protect the integrity of the local Administration in a transparent attempt to either claim glory or dodge responsibility depending on the outcome.

It is for this reason that the extraction would have to be done entirely with our materiel and manpower.","jdp_biofactoryEmbryoTacticalOpinion:""Tactical, how feasible is a surface op?""
100:defaultLeave:Leave",
jdp_biofactoryEmbryoStart,PopulateOptions,"$jdp_biofactoryEmbryo
!$jdp_biofactoryEmbryoDiscovered","$jdp_biofactoryEmbryoDiscovered = true
","Upon entering orbit, your sensors officer flags $name as highly unusual and requests your personal attention.","jdp_biofactoryEmbryoStart2:Motion your sensors officer to speak","Make this a global tag? Not that useful at the moment."
jdp_biofactoryEmbryoStart2,DialogOptionSelected,"$option == jdp_biofactoryEmbryoStart2","FireBest jdp_biofactoryEmbryoCallXenobiology","""$PlayerSirOrMadam, we're getting anomalous readings from the surface."" 

""Looks like."" They stop to readjust their sensor suite. ""A planet spanning superorganism? I don't know what to make of it, $PlayerSirOrMadam.""",,
jdp_biofactoryEmbryoNidelikoIntroOption,jdp_biofactoryEmbryoCallXenobiology,"!$player.jdp_metNideliko",,,"jdp_biofactoryEmbryoCallXenobiology:""Comms, signal Xenobiology to the bridge.""",
jdp_biofactoryEmbryoCallXenobiology,DialogOptionSelected,"$option == jdp_biofactoryEmbryoCallXenobiology","$jdp_biofactoryEmbryoDiscovered = true","""Yes $PlayerSirOrMadam!"" comes from your comms officer. They pull a hardwired communicator from its hook at their station and begin speaking through the shipwide announcement system. Similar comms found favour post AIW1 for their resistance to cyberwarfare. ""Xenobiology to the bridge. I say again, Xenobiology to the bridge.""

They hook the communicator and spin to face you. ""Their quarters are only a few minutes away, it shouldn't take that long-""

A woman clutching assorted papers and a Tripad rushes through the autodoor at unnecessary speed, almost losing her spectacles in the flurry of movement.","jdp_biofactoryEmbryoXenobiologyIntro:""Hello-""",
jdp_biofactoryEmbryoXenobiologyIntro,DialogOptionSelected,"$option == jdp_biofactoryEmbryoXenobiologyIntro","$player.jdp_metNidelikoLocation = ""Biofactory Embryo""
$player.jdp_metNideliko = true","She leaps into speech like a faulty jump drive, standing to attention and wrestling to keep ahold of her files. ""Excuse me. Greetings! My name is Nideliko Tanabe, newly assigned to the bridge crew of the $player.flagshipName! 33, single, female, Jangalan! I look forward to working with you!""

Your bridge crew are stunned for a moment by the bizarre outburst. Comms chuckles lightly under their breath and returns to their duties, leaving you to deal with Nideliko. 

You spy a little graphite writing tool behind her ear, perhaps the influence of the Luddic faith over wider Jangalan culture? As you consider she plucks and stuffs it into her notes. Maybe its just a personal eccentricity.","jdp_biofactoryEmbryoXenobiologyOpinion:""We need your opinion on a superorganism.""",
jdp_biofactoryEmbryoNidelikoKnownOption,jdp_biofactoryEmbryoCallXenobiology,"$player.jdp_metNideliko",,,"jdp_biofactoryEmbryoCallXenobiologyMet:""Comms, signal Xenobiology to the bridge.""",
jdp_biofactoryEmbryoCallXenobiologyMet,DialogOptionSelected,"$option == jdp_biofactoryEmbryoCallXenobiologyMet","$jdp_biofactoryEmbryoDiscovered = true","Your comms officer groans and then catches themselves, ""Yes $PlayerSirOrMadam."" comes with decidedly little enthusiasm. They pull a hardwired communicator from its hook at their station and begin speaking through the shipwide announcement system. ""Xenobiology to the bridge. I say again, Xenobiology to the bridge.""

They hook the communicator and spin to face you. ""They were pretty fast last time. It shouldn't take that long-""

Xenobiology Officer Nideliko Tanabe rushes through the autodoors at unnecessary speed, assorted papers and Tripad in hand. She smiles, pushing her glasses back up onto her face after almost losing them in the flurry of movement.","jdp_biofactoryEmbryoXenobiologyReturn:""Hello-""",
jdp_biofactoryEmbryoXenobiologyReturn,DialogOptionSelected,"$option == jdp_biofactoryEmbryoXenobiologyReturn",,"Xenobiology stands to attention, wrestling to keep ahold of her files and practically transverse jumps into conversation. ""Excuse me. I'm back! Nideliko Tanabe reporting for duty, $PlayerSirOrMadam!"" She looks around the bridge, eyes wide behind her spectacles. ""I'm so happy to be working with you all again!""

Some of your bridge crew are momentarily stunned by the bizarre outburst, others remember the eccentricity that comes with working with Nideliko and simply ignore her. Comms chuckles lightly under their breath and returns to their duties.","jdp_biofactoryEmbryoXenobiologyOpinion:""Welcome back, we need your opinion on a superorganism.""
jdp_biofactoryEmbryoXenobiologyReturnWho:""Who are you again?""",
jdp_biofactoryEmbryoXenobiologyReturnWho,DialogOptionSelected,"$option == jdp_biofactoryEmbryoXenobiologyReturnWho",,"Nideliko's face falls instantly. ""I'm Nideliko Tanabe! Xenobiology officer of the bridge crew of the $player.flagshipName!"" 

She begins listing personal traits, attempting to jog your memory. ""33? Single? Female? Jangalan?"" She seems thoroughly devastated, each time deflating more from your lack of recognition. ""You called me in for my opinion on the $player.jdp_metNidelikoLocation?"" Her voice trails off. ""I thought I made quite a strong first impression.""","jdp_biofactoryEmbryoXenobiologyMoveOn:""Regardless, we need your opinion on a superorganism.""
jdp_biofactoryEmbryoXenobiologyRemember:""Nideliko! I remember now!""
jdp_biofactoryEmbryoXenobiologyRememberLie:""Nideliko! I remember now!"" (Lie)",
jdp_biofactoryEmbryoXenobiologyMoveOn,DialogOptionSelected,"$option == jdp_biofactoryEmbryoXenobiologyMoveOn","$option = jdp_biofactoryEmbryoXenobiologyOpinion 0
$player.ethosMercenary++
FireBest DialogOptionSelected","""Oh."" comes quietly. She pokes at her eyes behind her glasses. ""Ok""",,
jdp_biofactoryEmbryoXenobiologyRemember,DialogOptionSelected,"$option == jdp_biofactoryEmbryoXenobiologyRemember",,"She begins glowing instantly. ""I knew you would! I'm very memorable. What do you need from me this time Captain? Science awaits!""","jdp_biofactoryEmbryoXenobiologyOpinion:""We need your opinion on a superorganism.""",
jdp_biofactoryEmbryoXenobiologyRememberLie,DialogOptionSelected,"$option == jdp_biofactoryEmbryoXenobiologyRememberLie","$player.ethosLiar++
","She begins glowing instantly. ""I knew you would! I'm very memorable. What do you need from me this time Captain? Science awaits!""","jdp_biofactoryEmbryoXenobiologyOpinion:""We need your opinion on a superorganism.""",
jdp_biofactoryEmbryoXenobiologyOpinion,DialogOptionSelected,"$option == jdp_biofactoryEmbryoXenobiologyOpinion","$jdp_biofactoryEmbryoDiscovered = true
","Nideliko bows slightly, ""Yes $PlayerSirOrMadam.""

You motion her to the auxiliary command centre and grant it access to the individual datastreams of all bridge stations. Laying her affects on the console, she pulls up the external scopes. Her face flashes with recognition, then excitement, then worry.

She pulls a little graphite writing tool from somewhere amongst her documents to jot notes, and shuffles through them with purpose, ""I have my report ready!"" She announces suddenly, standing abruptly and collecting her files. She begins confidently walking towards your post before rushing back to first grab her Tripad.","jdp_biofactoryEmbryoXenobiologyOpinion2:""Go on?""",
jdp_biofactoryEmbryoXenobiologyOpinion2,DialogOptionSelected,"$option == jdp_biofactoryEmbryoXenobiologyOpinion2",,"""Its a Biofactory!"" she exclaims, pushing up her glasses with a folder.

""Whoever lived surface-side didn't take proper care to prune the thing so it has just kept growing."" She pauses, thinking. ""Actually they probably died, but regardless.""

""See, Biofactories are designed to be inedible, Exodyne gave the flesh a high toxicant quotient so it couldn't be used for agriculture. Technically smart, but that also means nothing can cull it naturally. The Genetic Failsafe only triggers upon total ecological collapse, which clearly hasn't happened, so it simply hasn't died."" 

She smiles, self assured, ""hence, over however many cycles it has been, we get a superorganism!""","jdp_biofactoryEmbryoXenobiologyOpinion3:""Any possible course of action?""",
jdp_biofactoryEmbryoXenobiologyOpinion3,DialogOptionSelected,"$option == jdp_biofactoryEmbryoXenobiologyOpinion3",,"""We can't kill it, impossible."" She pauses. ""Well. Not impossible, but it is infeasible, the nervous system is decentralised.""

She reaches over your console to pull up the external scopes, Tactical's eye twitches at her intrusion into your space, but she seems entirely oblivious. ""Somewhere down there is the facility where the Biofactory Embryo was extruded,"" she continues.

""Part of that process is the creation of the Biofactory womb. If we can get in there, dig around in the meat and sever the new embryo, this-"" She waves a hand across a holo of $name, ""will all slowly die back. For this scale of organism? It would take tens if not hundreds of cycles, this guy is here for our lifetimes at minimum, but we would get a Biofactory Embryo for the trouble.""","jdp_biofactoryEmbryoTacticalOpinion:""Tactical, how feasible is a surface op?""",
jdp_biofactoryEmbryoTacticalOpinion,DialogOptionSelected,"$option == jdp_biofactoryEmbryoTacticalOpinion","jdp_DisplayItem biofactory_embryo

$marines = 200 0
$fuel = 200 0
$hand_weapons = 50 0

ShowResCost marines $marines fuel $fuel true hand_weapons $hand_weapons true

FireBest jdp_biofactoryEmbryoCheckCanAfford
FireBest jdp_biofactoryEmbryoDisableOperationIfNeeded

jdp_FakeLeave","""It will be tough, $PlayerSirOrMadam, this isn't exactly a conventional firefight."" They take a moment to consider.

""If we clear out a landing zone with some precise orbital burns we could insert a team. Light arms won't cut it though, we'll need some real hardware for this, a mechanised op.""","0:jdp_biofactoryEmbryoTacticalOperation:Approve the ground operation","supplies
fuel
crew
marines

food
organics
volatiles
ore
rare_ore
metals
rare_metals
heavy_machinery
domestic_goods

organs
drugs
hand_weapons
luxury_goods
lobster"
jdp_biofactoryEmbryoCheckCanAfford,jdp_biofactoryEmbryoCheckCanAfford,"$player.fuel >= $fuel
$player.marines >= $marines
$player.hand_weapons >= $hand_weapons","$canAfford = true 0",,,
jdp_biofactoryEmbryoDisableOperation,jdp_biofactoryEmbryoDisableOperationIfNeeded,"!$canAfford","SetEnabled jdp_biofactoryEmbryoTacticalOperation false",,,
jdp_biofactoryEmbryoTacticalOperation,DialogOptionSelected,"$option == jdp_biofactoryEmbryoTacticalOperation","RemoveCommodity fuel $fuel
RemoveCommodity hand_weapons $hand_weapons","You convene your senior officers to discuss a ground insertion on $name. Both SIGINT and HUMINT are nonexistent, what with the lack of human opposition, so planning the operation is unorthodox. 

To the dismay of the marine company head, Nideliko has volunteered to assist from the ground. According to her analysis the superorganism should display no overt hostility towards the team. Weaponry, particularly of the antimatter family, will however be necessary to clear the path from the landing site to the Biofactory womb. 

A volley of precise orbital orbital burns from your $shipOrFleet excises a patch of slagged wasteland into the surface of $name, Sensors reports that the Biofactory is already growing back into the space, but it will be days before the landing site is retaken.","jdp_biofactoryEmbryoTacticalOperation2:Continue",
jdp_biofactoryEmbryoTacticalOperation2,DialogOptionSelected,"$option == jdp_biofactoryEmbryoTacticalOperation2",,"The contingent of marines and their Xenobiology escort are already on route. Bridge displays flicker with hundreds of vidfeeds, each accompanied by health monitors and antixenol dosage trackers. 

As promised, the operation is mostly uneventful, the occasional tunnels carved through the flesh slowly contract behind the team ominously, but no deliberate attempts are otherwise made by the superorganism to stop their advance. Progress is slow through the macroscale organs of the Biofactory, bicuspid valves larger than the company APCs slowly open and close off routes, releasing streams of synthetic compounds in their wake. 

Fronds of villi wave and cling to the combat suits of those at the edges of the pack, but seem otherwise harmless, pits of mucus and other fluids are occasionally waded through. After a few hours the team reach the formed ceramometal shells of a ruined human settlement, entwined within the embrace of the living landscape.","jdp_biofactoryEmbryoTacticalOperation3:Switch to viewing Nideliko's feed",
jdp_biofactoryEmbryoTacticalOperation3,DialogOptionSelected,"$option == jdp_biofactoryEmbryoTacticalOperation3",,"Nideliko's feed jitters slightly as she waits beside a genetics kit inside one of the APCs, the Tripad connected to the unit lights up red after roughly a minute to her profound disappointment. The Xenobiologist scrawls what you assume to be ""Genetics too corrupted"" with graphite before she slaps a hand against her suit faceplate and activates comms. 

""$PlayerSirOrMadam! Surface report! This site is a bust, the genetics are too corrupted by replication to be the origin. Moving on."" She turns to face the marine company lead and the feed shakes left and right, they move out immediately.

A dedicated holo tracks the teams movements across the surface, by taking the path of least resistance through the tunnels it begins to appear disturbingly like a blood vessel chart. Within a few further hours the next remnant of human civilisation is reached, a ribcage of synthetic material for the synthetic organism.","jdp_biofactoryEmbryoTacticalOperation4:Continue",
jdp_biofactoryEmbryoTacticalOperation4,DialogOptionSelected,"$option == jdp_biofactoryEmbryoTacticalOperation4",,"This time the the Tripad lights a reassuring shade of green, to which Nideliko's feed jumps vertically slightly and clatters against the low roof of the transport vehicle. ""Captain! Report! We are at the location, genetic corruption as low as 0.095%!"" They seemingly begin talking to the surface team. ""Spread out! The inner epidermis is somewhere here, once we breach the womb we can extract the Embryo."" 

The operation moves quickly from there, a heavy antimatter weapon slices an entrance through a particularly suppurate layer of skinlike tissue, a pump is then used to drain the amniotic fluid and mucus disgorged from what you presume to be the Biofactory womb.","jdp_biofactoryEmbryoTacticalOperation5:Continue",
jdp_biofactoryEmbryoTacticalOperation5,DialogOptionSelected,"$option == jdp_biofactoryEmbryoTacticalOperation5","AddRemoveAnyItem SPECIAL biofactory_embryo 1
unset $jdp_biofactoryEmbryo
EndConversation NO_CONTINUE","Anchored to the ceiling by thick nervous strands and dripping in yellowed pus is an intact Biofactory Embryo. Nideliko smiles beside the disgusting thing briefly before the chords are cut and it is placed in a specially designed crate for extraction. 

The trek back is slow, but within a few hours it is secured in your hold.","100:defaultLeave:Leave",
"#END Biofactory Embryo Hubris Event",,,,,,
,,,,,,
# Soil Nanites Hubris Event,,,,,,
jdp_soilNanitesBlockFirstSurvey,PopulateOptions,"$jdp_soilNanitesBlockFirstSurvey","RemoveOption surveyPerform
unset $jdp_soilNanitesBlockFirstSurvey",,,"# block first instance of survey option in order to direct player attention to the event."
jdp_soilNanitesRestart,PopulateOptions,"$jdp_soilNanites
$jdp_soilNanitesDiscovered
!$market.isPlayerOwned
!$alreadyInOrbit",,"Upon entering orbit, sensors informs you that the rogue Soil Nanites are still active, the prospect of an extraction operation is still feasible.","1:jdp_soilNanitesTechnologyOpinion:Consider extracting the Soil Nanites","This one assumes you've just arrived"
jdp_soilNanitesRestartTwice,PopulateOptions,"$jdp_soilNanites
$jdp_soilNanitesDiscovered
!$market.isPlayerOwned
$alreadyInOrbit","unset $alreadyInOrbit","Sensors informs you that the rogue Soil Nanites are still active, the prospect of an extraction operation is still feasible.","1:jdp_soilNanitesTechnologyOpinion:Consider extracting the Soil Nanites","This one assumes you've been in orbit for a while already."
jdp_soilNanitesColony,PopulateOptions,"$jdp_soilNanites
$market.isPlayerOwned","Highlight ""flagged for your attention""
SetOptionColor jdp_soilNanitesColony2 highlight","Amid the low-priority updates you receive upon entering the colonial datasphere, a report is flagged for your attention. ","1:jdp_soilNanitesColony2:View the report",
jdp_soilNanitesColony2,DialogOptionSelected,"$option == jdp_soilNanitesColony2",,"The local authorities request assistance in performing a joint orbital-surface operation, the details of which closely mirror your unrealised plans to perform an airdrop of transplutonics, intended to force a recall of the rogue Soil Nanites on $name.

The plans stipulate that the framing as a joint operation is entirely for optics, a move intended to protect the integrity of the local Administration in a transparent attempt to either claim glory or dodge responsibility depending on the outcome.

It is for this reason that the extraction would have to be done entirely with our materiel and manpower.","jdp_soilNanitesTacticalOpinion:""Tactical, how feasible is a surface op?""
100:defaultLeave:Leave",
jdp_soilNanitesStart,PopulateOptions,"$jdp_soilNanites
!$jdp_soilNanitesDiscovered","$jdp_soilNanitesDiscovered = true
","Upon entering orbit, your sensors officer flags $name as highly unusual and requests your personal attention.","jdp_soilNanitesStart2:Motion your sensors officer to speak","Make this a global tag? Not that useful at the moment."
jdp_soilNanitesStart2,DialogOptionSelected,"$option == jdp_soilNanitesStart2","FireBest jdp_soilNanitesCallXenobiology","""$PlayerSirOrMadam, we're getting anomalous readings from the surface."" 

""But it looks so verdant."" comes wistfully, they stop to readjust their sensor suite. ""$PlayerSirOrMadam, this entire planet is an ecological deadzone, preliminary readings indicate the atmosphere is almost entirely deoxygenated. That a functional ecosystem exists here at all is a miracle,""",,
jdp_soilNanitesNidelikoIntroOption,jdp_soilNanitesCallXenobiology,"!$player.jdp_metNideliko",,,"jdp_soilNanitesCallXenobiology:""Comms, signal Xenobiology to the bridge.""",
jdp_soilNanitesCallXenobiology,DialogOptionSelected,"$option == jdp_soilNanitesCallXenobiology","$jdp_soilNanitesDiscovered = true","""Yes $PlayerSirOrMadam!"" comes from your comms officer. They pull a hardwired communicator from its hook at their station and begin speaking through the shipwide announcement system. Similar comms found favour post AIW1 for their resistance to cyberwarfare. ""Xenobiology to the bridge. I say again, Xenobiology to the bridge.""

They hook the communicator and spin to face you. ""Their quarters are only a few minutes away, it shouldn't take that long-""

A woman clutching assorted papers and a Tripad rushes through the autodoor at unnecessary speed, almost losing her spectacles in the flurry of movement.","jdp_soilNanitesXenobiologyIntro:""Hello-""",
jdp_soilNanitesXenobiologyIntro,DialogOptionSelected,"$option == jdp_soilNanitesXenobiologyIntro","$player.jdp_metNidelikoLocation = ""Soil Nanites""
$player.jdp_metNideliko = true","She leaps into speech like a faulty jump drive, standing to attention and wrestling to keep ahold of her files. ""Excuse me. Greetings! My name is Nideliko Tanabe, newly assigned to the bridge crew of the $player.flagshipName! 33, single, female, Jangalan! I look forward to working with you!""

Your bridge crew are stunned for a moment by the bizarre outburst. Comms chuckles lightly under their breath and returns to their duties, leaving you to deal with Nideliko.

You spy a little graphite writing tool behind her ear, perhaps the influence of the Luddic faith over wider Jangalan culture? As you consider she plucks and stuffs it into her notes. Maybe its just a personal eccentricity.","jdp_soilNanitesXenobiologyOpinion:""We need your input on this ecosystem.""",
jdp_soilNanitesNidelikoKnownOption,jdp_soilNanitesCallXenobiology,"$player.jdp_metNideliko",,,"jdp_soilNanitesCallXenobiologyMet:""Comms, signal Xenobiology to the bridge.""",
jdp_soilNanitesCallXenobiologyMet,DialogOptionSelected,"$option == jdp_soilNanitesCallXenobiologyMet","$jdp_soilNanitesDiscovered = true","Your comms officer groans and then catches themselves, ""Yes $PlayerSirOrMadam."" comes with decidedly little enthusiasm. They pull a hardwired communicator from its hook at their station and begin speaking through the shipwide announcement system. ""Xenobiology to the bridge. I say again, Xenobiology to the bridge.""

They hook the communicator and spin to face you. ""They were pretty fast last time. It shouldn't take that long-""

Xenobiology Officer Nideliko Tanabe rushes through the autodoors at unnecessary speed, assorted papers and Tripad in hand. She smiles, pushing her glasses back up onto her face after almost losing them in the flurry of movement.","jdp_soilNanitesXenobiologyReturn:""Hello-""",
jdp_soilNanitesXenobiologyReturn,DialogOptionSelected,"$option == jdp_soilNanitesXenobiologyReturn",,"Xenobiology stands to attention, wrestling to keep ahold of her files and practically transverse jumps into conversation. ""Excuse me. I'm back! Nideliko Tanabe reporting for duty, $PlayerSirOrMadam!"" She looks around the bridge, eyes wide behind her spectacles. ""I'm so happy to be working with you all again!""

Some of your bridge crew are momentarily stunned by the bizarre outburst, others remember the eccentricity that comes with working with Nideliko and simply ignore her. Comms chuckles lightly under their breath and returns to their duties.","jdp_soilNanitesXenobiologyOpinion:""Welcome back, we need input on this dead ecosystem.""
jdp_soilNanitesXenobiologyReturnWho:""Who are you again?""",
jdp_soilNanitesXenobiologyReturnWho,DialogOptionSelected,"$option == jdp_soilNanitesXenobiologyReturnWho",,"Nideliko's face falls instantly. ""I'm Nideliko Tanabe! Xenobiology officer of the bridge crew of the $player.flagshipName!"" 

She begins listing personal traits, attempting to jog your memory. ""33? Single? Female? Jangalan?"" She seems thoroughly devastated, each time deflating more from your lack of recognition. ""You called me in for my opinion on the $player.jdp_metNidelikoLocation?"" Her voice trails off. ""I thought I made quite a strong first impression.""","jdp_soilNanitesXenobiologyMoveOn:""Regardless, we need input on this dead ecosystem.""
jdp_soilNanitesXenobiologyRemember:""Nideliko! I remember now!""
jdp_soilNanitesXenobiologyRememberLie:""Nideliko! I remember now!"" (Lie)",
jdp_soilNanitesXenobiologyMoveOn,DialogOptionSelected,"$option == jdp_soilNanitesXenobiologyMoveOn","$option = jdp_soilNanitesXenobiologyOpinion 0
$player.ethosMercenary++
FireBest DialogOptionSelected","""Oh."" comes quietly. She pokes at her eyes behind her glasses. ""Ok""",,
jdp_soilNanitesXenobiologyRemember,DialogOptionSelected,"$option == jdp_soilNanitesXenobiologyRemember",,"She begins glowing instantly. ""I knew you would! I'm very memorable. What do you need this time Captain $playerLastName?"" ","jdp_soilNanitesXenobiologyOpinion:""We need input on this dead ecosystem.""",
jdp_soilNanitesXenobiologyRememberLie,DialogOptionSelected,"$option == jdp_soilNanitesXenobiologyRememberLie","$player.ethosLiar++
","She begins glowing instantly. ""I knew you would! I'm very memorable. What do you need this time Captain $playerLastName?"" ","jdp_soilNanitesXenobiologyOpinion:""We need input on this dead ecosystem.""",
jdp_soilNanitesXenobiologyOpinion,DialogOptionSelected,"$option == jdp_soilNanitesXenobiologyOpinion","$jdp_soilNanitesDiscovered = true
","Nideliko bows slightly, ""Yes $PlayerSirOrMadam. Lets see the data."" 

You motion her to the auxiliary command centre, granting it access to the datastream of the $shipOrFleets external scopes. After laying her affects on the console, she settles into the space and opens a holo of $name.

Pulling a little graphite writing tool from somewhere amongst her documents, she begins studying the data and jotting notes. A look of recognition flashes across her face as she begins scribbling more energetically, flicking through files. A meek ""fascinating"" comes quietly.","jdp_soilNanitesXenobiologyOpinion2:""Thesis, please.""",
jdp_soilNanitesXenobiologyOpinion2,DialogOptionSelected,"$option == jdp_soilNanitesXenobiologyOpinion2",,"""What we have here is eutrophication!"" She stops to explain like an excitable teacher, ""excess nutrient accumulation, $PlayerSirOrMadam. Things grow too fast, die even faster, and as they break down oxygen is locked up. Here it has happened on the scale of an entire world! Wonderful!"" Her eyes are filled with an unnerving gleam of delight given the implied devastation.

She nods to your Technology officer, seemingly for comment, but then continues regardless. ""How well regulated were Domain-era Soil Nanites? Did they have any kind of continency for extreme overuse?"" 

Technology clicks their tongue and brings up a datastream of Domain-era legalise, speaking aloud. ""Domain Nanite Safety Regulation 4324, subsection 79, 80, 81, 82-"" they load a data analysis programme and task it with filtering through the endless archives of laws and regulations. After a few moments the console produces a satisfied noise, process complete.","jdp_soilNanitesXenobiologyOpinion3:""Technology, report.""",
jdp_soilNanitesXenobiologyOpinion3,DialogOptionSelected,"$option == jdp_soilNanitesXenobiologyOpinion3",,"""The specs suggest not?"" Technology shrugs. ""Soil Nanites are capable of self assembly, but only after their numbers are depleted by wear, that's relatively slow given they spend most of their time under the surface cracking bedrock into usable NPK.""

""Radiation bitflips is where the transplutonic and volatile safeties came from, at those depths its the only source worth considering. Selfguided assembly is heavily regulated to-"" their tone changes, again reading legalise aloud ""prevent the infinitesimal chance it causes a-"" they pause and squint, rereading the data from their display ""a megadeath incident. Ominous. And profoundly unhelpful, no records of such a thing exist.""

Nideliko starts shifting in place, you suspect she is moments away from raising her hand like a child that wants to speak.","jdp_soilNanitesXenobiologyOpinion4:""Nideliko? Continue""",
jdp_soilNanitesXenobiologyOpinion4,DialogOptionSelected,"$option == jdp_soilNanitesXenobiologyOpinion4",,"""Then I was right Captain!"" Nideliko exclaims, her cadence accelerating as she talks. ""These nanites didn't have a chance-"" she pauses for a microsecond. ""Actually no. They didn't have a reason, to shut off post-Collpase, so they just kept fertilising the environment without anyone left to take in the harvest. Every cycle yet more organisms die and decay and eventually the ecosystem destabilised from the unsustainable rate of decomposition."" 

She stops to breathe. ""$name will eventually recover, granted we can find a way to shut them off, but the timescale of that recovery is likely thousands of cycles. The damage is functionally permanent."" 

Sensors sees this conclusion as a fitting time to interject. ""$PlayerSirOrMadam, we have a subsurface signal. Judging by the broadcast indicia its internal control comms, product designation is an EUT-202 Soil Nanite Web."" They pull up a holo of $name, ""it forwards to a ruined arcology complex for manual control, but we have no compatible recall codes on file.""","jdp_soilNanitesTechnologyOpinion:""Could we somehow trip the failsafe?""",
jdp_soilNanitesTechnologyOpinion,DialogOptionSelected,"$option == jdp_soilNanitesTechnologyOpinion",,"The bridge goes silent for a moment, Technology brings up a logistics processing tool on their terminal. ""Volatiles are certainly too difficult to handle,"" comes quietly, for themselves rather than you. ""Transplutonics though...""

They look up from their station. ""We would only need to saturate a comparatively small local volume."" A quiet exhalation. ""We can't be certain, the specs eschew specifics on the exact nature of the failsafe, but even a few individual nanites detecting the change should hopefully trigger a cascading recall order, Domain-era safeties tend to be draconian like that.""

""It will be tough, but hypothetically if we can airdrop a sufficient amount of loose transplutonics on top of the arcology control centre, we should be able to trip the failsafe and collect the Soil Nanites for our own use.""","jdp_soilNanitesOpsOpinion:""Chief, how feasible is this?""",
jdp_soilNanitesOpsOpinion,DialogOptionSelected,"$option == jdp_soilNanitesOpsOpinion",,"""It can be done,"" your Operations Chief states, dry as Mairaath. ""Planning and enacting a series of precise orbital drops, several hundred tonnes of hyperdense material in volume,"" they pause. ""Its an immense logistical problem, but mechanically its very simple, functionally no different from a tactical antimatter bombardment,"" they nod to their left. ""Tactical?"" 

Tactical continues on cue, smooth and efficient, ""indeed, and with no hostile defenses to evade, the optimal flight plans of our shuttles can be guided by the cold hand of orbital mechanics. Coordination can piggyback off of our military comms, the limiting factor will be the loading time. If we can't fill them quickly enough back at the $shipOrFleet it will massively slow us down.""","jdp_soilNanitesOpsOpinion2:""Quartermaster, how fast can we fill a shuttle?""",
jdp_soilNanitesOpsOpinion2,DialogOptionSelected,"$option == jdp_soilNanitesOpsOpinion2",,"""The optimal way to move this much material is in bulk, $PlayerSirOrMadam. We can cut out unloading entirely, tonnes dropped at a time by simply opening up the shuttle doors in the lower atmosphere. Loading will be slower, but even pessimistically I think it would only take a day to drop a few hundred tonnes with an expanded cargo crew."" 

They pause, visibly thinking, ""regarding the delivery, it would be be inaccurate but not uncontrollable. The material would however have an impact velocity high enough to embed itself in the surface.""

Technology interjects, ""which is in fact desirable! The deeper they are the closer the radiation source is to the nanite web and the higher the likelihood we will trip the failsafe,"" they stop. ""This seems oddly achievable.""","jdp_soilNanitesTacticalOpinion:""I want full plans by end of shift.""",
jdp_soilNanitesTacticalOpinion,DialogOptionSelected,"$option == jdp_soilNanitesTacticalOpinion","jdp_DisplayItem soil_nanites

$crew = 300 0
$rare_ore = 5000 0
$supplies = 100 0

ShowResCost crew $crew rare_ore $rare_ore true supplies $supplies true

FireBest jdp_soilNanitesCheckCanAfford
FireBest jdp_soilNanitesDisableOperationIfNeeded

jdp_FakeLeave","""Permission to speak plainly Captain? We could do this now,"" Chief states candidly. 
 
""Its just a tactical bombardment, all we would need is to draft some crew for moving the material and some lifting hardware for the drop.""","0:jdp_soilNanitesTacticalOperation:Approve the airdrop","supplies
fuel
crew
marines

food
organics
volatiles
ore
rare_ore
metals
rare_metals
heavy_machinery
domestic_goods

organs
drugs
hand_weapons
luxury_goods
lobster"
jdp_soilNanitesCheckCanAfford,jdp_soilNanitesCheckCanAfford,"$player.rare_ore >= $rare_ore
$player.crew >= $crew
$player.supplies >= $supplies","$canAfford = true 0",,,
jdp_soilNanitesDisableOperation,jdp_soilNanitesDisableOperationIfNeeded,"!$canAfford","SetEnabled jdp_soilNanitesTacticalOperation false",,,
jdp_soilNanitesTacticalOperation,DialogOptionSelected,"$option == jdp_soilNanitesTacticalOperation","RemoveCommodity rare_ore $rare_ore
RemoveCommodity supplies $supplies","The bridge is a hive of activity, countless feeds spooling forth through the central display, within moments the first shuttle is filled with the illustrious and radiative material. The many vidfeeds from the loader crew stutter and distort from the immense levels of alpha decay, tearing like an analog null datastream. 

""Its perfectly safe, Captain,"" your Quartermaster states upon seeing your expression. ""Containment procedures are in place, we'll switch out the crew within the hour."" 

""First shuttle is away. I say again, first shuttle is away,"" comes from Comms, monotone. The feed from SHUTTLE01 pulls away and dives into the deoxygenated atmosphere of $name, drag heating licking at the shimmer of its aerobreak shield. Within a moment the crew have begun loading the next.","jdp_soilNanitesTacticalOperation2:""Sensors, status of the control signal?""",
jdp_soilNanitesTacticalOperation2,DialogOptionSelected,"$option == jdp_soilNanitesTacticalOperation2",,"""Streaming now, $PlayerSirOrMadam, specs indicate we should be able to see the recall order once the failsafe is triggered."" The control signal is spartan, an endless stream of abbreviations and data saving measures. Each minute the same lines appear. 

//EUT-202SNW-RADTHRSHLD: 0.05% 
//EUT-202SNW-SYSCHECK: ACTIVE

Within the hour the second shuttle is away, then the third, then the fourth and the fifth, the radiation threshold ticking up more with each predicted impact. You watch the rear shuttle camera feed skimming above the thin clouds of $name like a bird of prey, main bays open to trail lines of transplutonics like the spittle of an anticipatory predator.

//EUT-202SNW-RADTHRSHLD: 110% 
//EUT-202SNW-SYSCHECK: EMERGENCY RECALL","jdp_soilNanitesTacticalOperation3:""Success! Right?""",
jdp_soilNanitesTacticalOperation3,DialogOptionSelected,"$option == jdp_soilNanitesTacticalOperation3",,"A cheer comes from the more relaxed bridge staff. Nideliko rushes to and tackles Technology in hug that they clearly find to be a deeply objectionable interaction.

Comms opens a channel to the shuttle crew. ""Shuttle Six, operation success. I say again, operation success. We'll see you back home,"" they futz with their console for a moment. ""Ground crew, nanites are primed for collection.""

Just outside the maximum projected impact radius your ground team breach the arcology complex on cue. Switching to the feed of your Operations Chief on site you see handheld illuminators light up the space. One of the engineers slices into a nearby terminal and taps the arcologies internal comms, within moments they have access to maps and what still functional surveillance systems exist. A conspicuous crate is logged to have been automatically packaged fours floors below the team only minutes ago.","jdp_soilNanitesTacticalOperation4:Continue",
jdp_soilNanitesTacticalOperation4,DialogOptionSelected,"$option == jdp_soilNanitesTacticalOperation4","AddRemoveAnyItem SPECIAL soil_nanites 1
unset $jdp_soilNanites
EndConversation NO_CONTINUE","Moving through the complex is at a glance a somewhat troubling prospect, full of plantlife and death such as it is, but plasma cutters can cut greenery just as efficiently as foamed cerametal. The downloaded maps suggest descending four levels on foot would under normal circumstances take 30 minutes, Chief gets there in 25.

Handheld scanners confirm a specialised crate houses the inert slurry of the recalled nanite web, within the hour it is secured in your hold.","100:defaultLeave:Leave",
"#END Soil Nanites Hubris Event",,,,,,
,,,,,,
# Fusion Lamp Hubris Event,,,,,,
,,,,,,
# Helianthus,,,,,,
"#END Helianthus",,,,,,
,,,,,,
# Enitity,,,,,,
jdp_fusionLampOpenDialogUnexplored,OpenInteractionDialog,"$tag:jdp_erratic_lamp_tag score:101
$customType == jdp_erratic_lamp score:101","SalvageGenFromSeed
ShowDefaultVisual
FireBest SalvageCheckHostile","TESTING TESTING!",,
jdp_fusionLampDefenderDesc,TriggerAutomatedDefenses,"$tag:jdp_erratic_lamp_tag score:101
$customType == jdp_erratic_lamp score:101","SalvageDefenderInteraction","THINGS JUST GOT MORE INTERESTING!",,
jdp_fusionLampPostDefenders,BeatDefendersContinue,"$tag:jdp_erratic_lamp_tag score:101
$customType == jdp_erratic_lamp score:101",,"SHE WAS DRESSED IN!","100:defaultLeave:Leave",
"#END Enitity",,,,,,
"#END Fusion Lamp Hubris Event",,,,,,
,,,,,,
# Plasma Dynamo Hubris Event,,,,,,
jdp_plasmaDynamoKlaesIgnore,PickGreeting,"$id == jdp_klaes score:30000",,"The purple emblem of the Domain Sixth Battlegroup performs half a rotation. After a short wait, your connection request is denied. 

To see the silver amphiptere attached to piracy is not uncommon, but its implications are clear. This station was once the haunt of Warlord Leonis, inheriting the comms frequencies he himself inherited from the Domain.","0:cutCommLink:Cut the comm link",
"#END Plasma Dynamo Hubris Event",,,,,,
"#END Hubris Events",,,,,,
,,,,,,
# DEV OPTIONS,,,,,,
jdp_Leave,DialogOptionSelected,"$option == jdp_Leave","$menuState = main 0
$alreadyInOrbit = true
FireAll PopulateOptions",,,"Fake leave. Triggered by jdp_FakeLeave. Only takes you back to the main state of the menu rather than closing the interaction. Still has the [esc] hotkey. Also tells my events to assume you've been messing around in orbit for a while already."
jdp_PRdevstartFixGarg,DEVTestMenuOptions,,"SetOptionColor jdp_PRdevstartFixGargoyle gray
",,"jdp_PRdevstartFixGargoyle:[JDP DEV] unhide Gargoyle.",
jdp_PRdevstartFixGargoyle,DialogOptionSelected,"$option ==jdp_PRdevstartFixGargoyle","SetPersonHidden gargoyle false","Dev unhidden Gargoyle. They should now be visible, wherever they are.",,
jdp_PRdevstartFractal,DEVTestMenuOptions,,"SetOptionColor jdp_PRdevstartFractal2 gray
",,"jdp_PRdevstartFractal2:[JDP DEV] reset Fractal Theorem.",
jdp_PRdevstartFractal2,DialogOptionSelected,"$option == jdp_PRdevstartFractal2","$global.jdp_PRCompleted = true
jdp_DevResetFractal

AddRemoveAnyItem SPECIAL jdp_dead_alpha -1
AddCommodity alpha_core 1

SetTextHighlights ""Will trigger again in 3 in-game days.""","Dev reset Fractal Theorem. Will trigger again in 3 in-game days. Alpha refunded!",,
jdp_PRdevskills,DEVTestMenuOptions,,"SetOptionColor jdp_PRdevskills2 gray",,"jdp_PRdevskills2:[JDP DEV] grant all custom skills",
jdp_PRdevskills2,DialogOptionSelected,"$option == jdp_PRdevskills2","jdp_GrantSkill jdp_omegakin

jdp_GrantSkill jdp_perpetualpursuit

jdp_GrantSkill jdp_uneasymovements

jdp_GrantSkill jdp_domainlogistics
jdp_DisplaySkill jdp_domainlogistics

jdp_GrantSkill jdp_atomicextraction
jdp_DisplaySkill jdp_atomicextraction","Dev granted all skills.",,"jdp_DisplaySkill jdp_domainlogistics"
jdp_PRdevstartAlviss,DEVTestMenuOptions,,"SetOptionColor jdp_PRdevstartAlviss2 gray",,"jdp_PRdevstartAlviss2:[JDP DEV] set all Alviss story hooks to true.",
jdp_PRdevstartAlviss2,DialogOptionSelected,"$option == jdp_PRdevstartAlviss2","SetPersonHidden coureuse false
MovePersonToMarket coureuse ga_market
SetPersonHidden gargoyle false
MovePersonToMarket gargoyle ga_market
SetPersonHidden zal true
SetPersonPortrait zal ""zal""
MovePersonToMarket zal kantas_den
$global.gaKA_missionCompleted = true
$global.gaFC_missionCompleted = true
$global.gaPZ_missionCompleted = true
$global.gaPZ_scannedZiggurat = true
$player.canMakeDwellerWeapons = true
$player.soe_wonDuel = true
$player.soe_lostDuel = true
$player.kantaProtection = true
$$player.finishedTutorial = true
$global.sdtu_completed = true
$global.lpp_completed = true
AddCommodity alpha_core 1

jdp_DisplayItem fullerene_spool

jdp_DisplayItem pristine_nanoforge

jdp_DisplayItem corrupted_nanoforge

jdp_DisplayItem soil_nanites

jdp_DisplayItem synchrotron

jdp_DisplayItem orbital_fusion_lamp

jdp_DisplayItem coronal_portal

jdp_DisplayItem mantle_bore

jdp_DisplayItem catalytic_core

jdp_DisplayItem biofactory_embryo

jdp_DisplayItem plasma_dynamo

jdp_DisplayItem cryoarithmetic_engine

jdp_DisplayItem drone_replicator

jdp_DisplayItem dealmaker_holosuite
","Dev set all Alviss story hooks to true for testing.",,
"#END DEV OPTIONS",,,,,,

